[{"model": "admin.logentry", "pk": 1, "fields": {"action_time": "2022-05-02T18:43:41.531Z", "user": 1, "content_type": 7, "object_id": "1", "object_repr": "artshop.example.com", "action_flag": 2, "change_message": "[{\"changed\": {\"fields\": [\"Domain name\", \"Display name\"]}}]"}}, {"model": "admin.logentry", "pk": 2, "fields": {"action_time": "2022-05-02T18:55:50.708Z", "user": 1, "content_type": 8, "object_id": "1", "object_repr": "danbobhig@gmail.com", "action_flag": 3, "change_message": ""}}, {"model": "admin.logentry", "pk": 3, "fields": {"action_time": "2022-05-02T18:56:02.610Z", "user": 1, "content_type": 8, "object_id": "2", "object_repr": "danbobhig@gmail.com", "action_flag": 1, "change_message": "[{\"added\": {}}]"}}, {"model": "admin.logentry", "pk": 4, "fields": {"action_time": "2022-05-08T14:29:47.503Z", "user": 1, "content_type": 13, "object_id": "1", "object_repr": "originals", "action_flag": 1, "change_message": "[{\"added\": {}}]"}}, {"model": "admin.logentry", "pk": 5, "fields": {"action_time": "2022-05-08T14:29:57.582Z", "user": 1, "content_type": 13, "object_id": "2", "object_repr": "prints", "action_flag": 1, "change_message": "[{\"added\": {}}]"}}, {"model": "admin.logentry", "pk": 6, "fields": {"action_time": "2022-05-08T14:30:19.642Z", "user": 1, "content_type": 13, "object_id": "3", "object_repr": "merch", "action_flag": 1, "change_message": "[{\"added\": {}}]"}}, {"model": "admin.logentry", "pk": 7, "fields": {"action_time": "2022-05-08T17:09:30.654Z", "user": 1, "content_type": 14, "object_id": "1", "object_repr": "Blue Tit", "action_flag": 1, "change_message": "[{\"added\": {}}]"}}, {"model": "admin.logentry", "pk": 8, "fields": {"action_time": "2022-05-08T17:10:25.677Z", "user": 1, "content_type": 14, "object_id": "2", "object_repr": "Bearded Tit", "action_flag": 1, "change_message": "[{\"added\": {}}]"}}, {"model": "admin.logentry", "pk": 9, "fields": {"action_time": "2022-05-08T17:11:12.465Z", "user": 1, "content_type": 14, "object_id": "3", "object_repr": "Bullfinch", "action_flag": 1, "change_message": "[{\"added\": {}}]"}}, {"model": "admin.logentry", "pk": 10, "fields": {"action_time": "2022-05-08T17:12:01.930Z", "user": 1, "content_type": 14, "object_id": "4", "object_repr": "Crested Tit", "action_flag": 1, "change_message": "[{\"added\": {}}]"}}, {"model": "admin.logentry", "pk": 11, "fields": {"action_time": "2022-05-08T17:12:38.266Z", "user": 1, "content_type": 14, "object_id": "5", "object_repr": "Chaffinch", "action_flag": 1, "change_message": "[{\"added\": {}}]"}}, {"model": "admin.logentry", "pk": 12, "fields": {"action_time": "2022-05-08T18:49:09.544Z", "user": 1, "content_type": 14, "object_id": "1", "object_repr": "Blue Tit", "action_flag": 2, "change_message": "[]"}}, {"model": "admin.logentry", "pk": 13, "fields": {"action_time": "2022-05-08T19:45:38.716Z", "user": 1, "content_type": 14, "object_id": "6", "object_repr": "Gold Crest", "action_flag": 1, "change_message": "[{\"added\": {}}]"}}, {"model": "admin.logentry", "pk": 14, "fields": {"action_time": "2022-05-08T19:46:32.225Z", "user": 1, "content_type": 14, "object_id": "7", "object_repr": "Gold Crest (wings up)", "action_flag": 1, "change_message": "[{\"added\": {}}]"}}, {"model": "admin.logentry", "pk": 15, "fields": {"action_time": "2022-05-08T19:47:34.158Z", "user": 1, "content_type": 14, "object_id": "8", "object_repr": "Goldfinch", "action_flag": 1, "change_message": "[{\"added\": {}}]"}}, {"model": "admin.logentry", "pk": 16, "fields": {"action_time": "2022-05-08T19:48:36.225Z", "user": 1, "content_type": 14, "object_id": "9", "object_repr": "Long Tailed Tit", "action_flag": 1, "change_message": "[{\"added\": {}}]"}}, {"model": "admin.logentry", "pk": 17, "fields": {"action_time": "2022-05-08T19:49:25.655Z", "user": 1, "content_type": 14, "object_id": "10", "object_repr": "Nuthatch", "action_flag": 1, "change_message": "[{\"added\": {}}]"}}, {"model": "admin.logentry", "pk": 18, "fields": {"action_time": "2022-05-08T19:50:12.054Z", "user": 1, "content_type": 14, "object_id": "11", "object_repr": "Robin", "action_flag": 1, "change_message": "[{\"added\": {}}]"}}, {"model": "admin.logentry", "pk": 19, "fields": {"action_time": "2022-05-08T19:50:52.928Z", "user": 1, "content_type": 14, "object_id": "12", "object_repr": "Tree Creeper", "action_flag": 1, "change_message": "[{\"added\": {}}]"}}, {"model": "admin.logentry", "pk": 20, "fields": {"action_time": "2022-05-08T19:51:31.626Z", "user": 1, "content_type": 14, "object_id": "13", "object_repr": "Wren", "action_flag": 1, "change_message": "[{\"added\": {}}]"}}, {"model": "admin.logentry", "pk": 21, "fields": {"action_time": "2022-05-09T09:53:47.945Z", "user": 1, "content_type": 14, "object_id": "14", "object_repr": "Hedgehog", "action_flag": 1, "change_message": "[{\"added\": {}}]"}}, {"model": "admin.logentry", "pk": 22, "fields": {"action_time": "2022-05-09T09:55:10.341Z", "user": 1, "content_type": 14, "object_id": "15", "object_repr": "Mouse with berries", "action_flag": 1, "change_message": "[{\"added\": {}}]"}}, {"model": "admin.logentry", "pk": 23, "fields": {"action_time": "2022-05-09T09:56:34.168Z", "user": 1, "content_type": 14, "object_id": "16", "object_repr": "Mouse in corn", "action_flag": 1, "change_message": "[{\"added\": {}}]"}}, {"model": "admin.logentry", "pk": 24, "fields": {"action_time": "2022-05-09T09:57:13.905Z", "user": 1, "content_type": 14, "object_id": "17", "object_repr": "Rabbit", "action_flag": 1, "change_message": "[{\"added\": {}}]"}}, {"model": "admin.logentry", "pk": 25, "fields": {"action_time": "2022-05-09T09:57:56.070Z", "user": 1, "content_type": 14, "object_id": "18", "object_repr": "Squirrel", "action_flag": 1, "change_message": "[{\"added\": {}}]"}}, {"model": "admin.logentry", "pk": 26, "fields": {"action_time": "2022-05-09T09:58:33.307Z", "user": 1, "content_type": 14, "object_id": "19", "object_repr": "Weasel", "action_flag": 1, "change_message": "[{\"added\": {}}]"}}, {"model": "admin.logentry", "pk": 27, "fields": {"action_time": "2022-05-09T10:35:29.402Z", "user": 1, "content_type": 14, "object_id": "1", "object_repr": "Blue Tit", "action_flag": 2, "change_message": "[{\"changed\": {\"fields\": [\"Image\"]}}]"}}, {"model": "admin.logentry", "pk": 28, "fields": {"action_time": "2022-05-09T10:38:05.312Z", "user": 1, "content_type": 14, "object_id": "1", "object_repr": "Blue Tit", "action_flag": 2, "change_message": "[{\"changed\": {\"fields\": [\"Image\"]}}]"}}, {"model": "admin.logentry", "pk": 29, "fields": {"action_time": "2022-05-09T10:38:32.466Z", "user": 1, "content_type": 14, "object_id": "1", "object_repr": "Blue Tit", "action_flag": 2, "change_message": "[{\"changed\": {\"fields\": [\"Image\"]}}]"}}, {"model": "admin.logentry", "pk": 30, "fields": {"action_time": "2022-05-09T17:13:41.397Z", "user": 1, "content_type": 14, "object_id": "1", "object_repr": "Blue Tit", "action_flag": 2, "change_message": "[{\"changed\": {\"fields\": [\"Description\"]}}]"}}, {"model": "admin.logentry", "pk": 31, "fields": {"action_time": "2022-05-09T17:16:28.193Z", "user": 1, "content_type": 13, "object_id": "4", "object_repr": "birds", "action_flag": 1, "change_message": "[{\"added\": {}}]"}}, {"model": "admin.logentry", "pk": 32, "fields": {"action_time": "2022-05-09T17:16:50.276Z", "user": 1, "content_type": 13, "object_id": "5", "object_repr": "mammals", "action_flag": 1, "change_message": "[{\"added\": {}}]"}}, {"model": "admin.logentry", "pk": 33, "fields": {"action_time": "2022-05-09T17:17:06.768Z", "user": 1, "content_type": 14, "object_id": "1", "object_repr": "Blue Tit", "action_flag": 2, "change_message": "[{\"changed\": {\"fields\": [\"Category\"]}}]"}}, {"model": "admin.logentry", "pk": 34, "fields": {"action_time": "2022-05-09T17:17:15.259Z", "user": 1, "content_type": 14, "object_id": "1", "object_repr": "Blue Tit", "action_flag": 2, "change_message": "[]"}}, {"model": "admin.logentry", "pk": 35, "fields": {"action_time": "2022-05-09T17:17:22.645Z", "user": 1, "content_type": 14, "object_id": "2", "object_repr": "Bearded Tit", "action_flag": 2, "change_message": "[{\"changed\": {\"fields\": [\"Category\"]}}]"}}, {"model": "admin.logentry", "pk": 36, "fields": {"action_time": "2022-05-09T17:17:28.435Z", "user": 1, "content_type": 14, "object_id": "3", "object_repr": "Bullfinch", "action_flag": 2, "change_message": "[{\"changed\": {\"fields\": [\"Category\"]}}]"}}, {"model": "admin.logentry", "pk": 37, "fields": {"action_time": "2022-05-09T17:17:34.312Z", "user": 1, "content_type": 14, "object_id": "4", "object_repr": "Crested Tit", "action_flag": 2, "change_message": "[{\"changed\": {\"fields\": [\"Category\"]}}]"}}, {"model": "admin.logentry", "pk": 38, "fields": {"action_time": "2022-05-09T17:17:40.066Z", "user": 1, "content_type": 14, "object_id": "5", "object_repr": "Chaffinch", "action_flag": 2, "change_message": "[{\"changed\": {\"fields\": [\"Category\"]}}]"}}, {"model": "admin.logentry", "pk": 39, "fields": {"action_time": "2022-05-09T17:17:47.518Z", "user": 1, "content_type": 14, "object_id": "6", "object_repr": "Gold Crest", "action_flag": 2, "change_message": "[{\"changed\": {\"fields\": [\"Category\"]}}]"}}, {"model": "admin.logentry", "pk": 40, "fields": {"action_time": "2022-05-09T17:17:53.665Z", "user": 1, "content_type": 14, "object_id": "7", "object_repr": "Gold Crest (wings up)", "action_flag": 2, "change_message": "[{\"changed\": {\"fields\": [\"Category\"]}}]"}}, {"model": "admin.logentry", "pk": 41, "fields": {"action_time": "2022-05-09T17:17:59.067Z", "user": 1, "content_type": 14, "object_id": "8", "object_repr": "Goldfinch", "action_flag": 2, "change_message": "[{\"changed\": {\"fields\": [\"Category\"]}}]"}}, {"model": "admin.logentry", "pk": 42, "fields": {"action_time": "2022-05-09T17:18:05.286Z", "user": 1, "content_type": 14, "object_id": "9", "object_repr": "Long Tailed Tit", "action_flag": 2, "change_message": "[{\"changed\": {\"fields\": [\"Category\"]}}]"}}, {"model": "admin.logentry", "pk": 43, "fields": {"action_time": "2022-05-09T17:18:11.120Z", "user": 1, "content_type": 14, "object_id": "10", "object_repr": "Nuthatch", "action_flag": 2, "change_message": "[{\"changed\": {\"fields\": [\"Category\"]}}]"}}, {"model": "admin.logentry", "pk": 44, "fields": {"action_time": "2022-05-09T17:18:16.762Z", "user": 1, "content_type": 14, "object_id": "11", "object_repr": "Robin", "action_flag": 2, "change_message": "[{\"changed\": {\"fields\": [\"Category\"]}}]"}}, {"model": "admin.logentry", "pk": 45, "fields": {"action_time": "2022-05-09T17:18:22.814Z", "user": 1, "content_type": 14, "object_id": "12", "object_repr": "Tree Creeper", "action_flag": 2, "change_message": "[{\"changed\": {\"fields\": [\"Category\"]}}]"}}, {"model": "admin.logentry", "pk": 46, "fields": {"action_time": "2022-05-09T17:18:28.574Z", "user": 1, "content_type": 14, "object_id": "13", "object_repr": "Wren", "action_flag": 2, "change_message": "[{\"changed\": {\"fields\": [\"Category\"]}}]"}}, {"model": "admin.logentry", "pk": 47, "fields": {"action_time": "2022-05-09T17:18:37.992Z", "user": 1, "content_type": 14, "object_id": "14", "object_repr": "Hedgehog", "action_flag": 2, "change_message": "[{\"changed\": {\"fields\": [\"Category\"]}}]"}}, {"model": "admin.logentry", "pk": 48, "fields": {"action_time": "2022-05-09T17:18:45.710Z", "user": 1, "content_type": 14, "object_id": "15", "object_repr": "Mouse with berries", "action_flag": 2, "change_message": "[{\"changed\": {\"fields\": [\"Category\"]}}]"}}, {"model": "admin.logentry", "pk": 49, "fields": {"action_time": "2022-05-09T17:18:52.724Z", "user": 1, "content_type": 14, "object_id": "16", "object_repr": "Mouse in corn", "action_flag": 2, "change_message": "[{\"changed\": {\"fields\": [\"Category\"]}}]"}}, {"model": "admin.logentry", "pk": 50, "fields": {"action_time": "2022-05-09T17:18:59.135Z", "user": 1, "content_type": 14, "object_id": "17", "object_repr": "Rabbit", "action_flag": 2, "change_message": "[{\"changed\": {\"fields\": [\"Category\"]}}]"}}, {"model": "admin.logentry", "pk": 51, "fields": {"action_time": "2022-05-09T17:19:04.583Z", "user": 1, "content_type": 14, "object_id": "18", "object_repr": "Squirrel", "action_flag": 2, "change_message": "[{\"changed\": {\"fields\": [\"Category\"]}}]"}}, {"model": "admin.logentry", "pk": 52, "fields": {"action_time": "2022-05-09T17:19:10.306Z", "user": 1, "content_type": 14, "object_id": "19", "object_repr": "Weasel", "action_flag": 2, "change_message": "[{\"changed\": {\"fields\": [\"Category\"]}}]"}}, {"model": "admin.logentry", "pk": 53, "fields": {"action_time": "2022-05-09T17:24:12.093Z", "user": 1, "content_type": 14, "object_id": "18", "object_repr": "Red Squirrel", "action_flag": 2, "change_message": "[{\"changed\": {\"fields\": [\"Name\", \"Description\"]}}]"}}, {"model": "admin.logentry", "pk": 54, "fields": {"action_time": "2022-05-09T17:27:37.094Z", "user": 1, "content_type": 14, "object_id": "1", "object_repr": "Blue Tit", "action_flag": 2, "change_message": "[{\"changed\": {\"fields\": [\"Price\"]}}]"}}, {"model": "admin.logentry", "pk": 55, "fields": {"action_time": "2022-05-09T17:27:53.262Z", "user": 1, "content_type": 14, "object_id": "2", "object_repr": "Bearded Tit", "action_flag": 2, "change_message": "[{\"changed\": {\"fields\": [\"Description\", \"Price\"]}}]"}}, {"model": "admin.logentry", "pk": 56, "fields": {"action_time": "2022-05-09T17:28:09.760Z", "user": 1, "content_type": 14, "object_id": "3", "object_repr": "Bullfinch", "action_flag": 2, "change_message": "[{\"changed\": {\"fields\": [\"Description\", \"Price\"]}}]"}}, {"model": "admin.logentry", "pk": 57, "fields": {"action_time": "2022-05-09T17:28:26.315Z", "user": 1, "content_type": 14, "object_id": "4", "object_repr": "Crested Tit", "action_flag": 2, "change_message": "[{\"changed\": {\"fields\": [\"Description\", \"Price\"]}}]"}}, {"model": "admin.logentry", "pk": 58, "fields": {"action_time": "2022-05-09T17:28:44.280Z", "user": 1, "content_type": 14, "object_id": "5", "object_repr": "Chaffinch", "action_flag": 2, "change_message": "[{\"changed\": {\"fields\": [\"Description\", \"Price\"]}}]"}}, {"model": "admin.logentry", "pk": 59, "fields": {"action_time": "2022-05-09T17:29:05.482Z", "user": 1, "content_type": 14, "object_id": "6", "object_repr": "Gold Crest", "action_flag": 2, "change_message": "[{\"changed\": {\"fields\": [\"Description\", \"Price\"]}}]"}}, {"model": "admin.logentry", "pk": 60, "fields": {"action_time": "2022-05-09T17:29:19.863Z", "user": 1, "content_type": 14, "object_id": "7", "object_repr": "Gold Crest (wings up)", "action_flag": 2, "change_message": "[{\"changed\": {\"fields\": [\"Description\", \"Price\"]}}]"}}, {"model": "admin.logentry", "pk": 61, "fields": {"action_time": "2022-05-09T17:29:34.241Z", "user": 1, "content_type": 14, "object_id": "8", "object_repr": "Goldfinch", "action_flag": 2, "change_message": "[{\"changed\": {\"fields\": [\"Description\", \"Price\"]}}]"}}, {"model": "admin.logentry", "pk": 62, "fields": {"action_time": "2022-05-09T17:29:45.922Z", "user": 1, "content_type": 14, "object_id": "9", "object_repr": "Long Tailed Tit", "action_flag": 2, "change_message": "[{\"changed\": {\"fields\": [\"Description\", \"Price\"]}}]"}}, {"model": "admin.logentry", "pk": 63, "fields": {"action_time": "2022-05-09T17:29:58.898Z", "user": 1, "content_type": 14, "object_id": "10", "object_repr": "Nuthatch", "action_flag": 2, "change_message": "[{\"changed\": {\"fields\": [\"Description\", \"Price\"]}}]"}}, {"model": "admin.logentry", "pk": 64, "fields": {"action_time": "2022-05-09T17:30:13.874Z", "user": 1, "content_type": 14, "object_id": "11", "object_repr": "Robin", "action_flag": 2, "change_message": "[{\"changed\": {\"fields\": [\"Description\", \"Price\"]}}]"}}, {"model": "admin.logentry", "pk": 65, "fields": {"action_time": "2022-05-09T17:30:25.266Z", "user": 1, "content_type": 14, "object_id": "12", "object_repr": "Tree Creeper", "action_flag": 2, "change_message": "[{\"changed\": {\"fields\": [\"Description\", \"Price\"]}}]"}}, {"model": "admin.logentry", "pk": 66, "fields": {"action_time": "2022-05-09T17:30:40.449Z", "user": 1, "content_type": 14, "object_id": "13", "object_repr": "Wren", "action_flag": 2, "change_message": "[{\"changed\": {\"fields\": [\"Description\", \"Price\"]}}]"}}, {"model": "admin.logentry", "pk": 67, "fields": {"action_time": "2022-05-09T17:30:54.159Z", "user": 1, "content_type": 14, "object_id": "14", "object_repr": "Hedgehog", "action_flag": 2, "change_message": "[{\"changed\": {\"fields\": [\"Description\", \"Price\"]}}]"}}, {"model": "admin.logentry", "pk": 68, "fields": {"action_time": "2022-05-09T17:31:08.177Z", "user": 1, "content_type": 14, "object_id": "15", "object_repr": "Mouse with berries", "action_flag": 2, "change_message": "[{\"changed\": {\"fields\": [\"Description\", \"Price\"]}}]"}}, {"model": "admin.logentry", "pk": 69, "fields": {"action_time": "2022-05-09T17:31:17.670Z", "user": 1, "content_type": 14, "object_id": "16", "object_repr": "Mouse in corn", "action_flag": 2, "change_message": "[{\"changed\": {\"fields\": [\"Description\", \"Price\"]}}]"}}, {"model": "admin.logentry", "pk": 70, "fields": {"action_time": "2022-05-09T17:31:28.581Z", "user": 1, "content_type": 14, "object_id": "17", "object_repr": "Rabbit", "action_flag": 2, "change_message": "[{\"changed\": {\"fields\": [\"Description\", \"Price\"]}}]"}}, {"model": "admin.logentry", "pk": 71, "fields": {"action_time": "2022-05-09T17:31:37.737Z", "user": 1, "content_type": 14, "object_id": "18", "object_repr": "Red Squirrel", "action_flag": 2, "change_message": "[{\"changed\": {\"fields\": [\"Price\"]}}]"}}, {"model": "admin.logentry", "pk": 72, "fields": {"action_time": "2022-05-09T17:31:46.876Z", "user": 1, "content_type": 14, "object_id": "19", "object_repr": "Weasel", "action_flag": 2, "change_message": "[{\"changed\": {\"fields\": [\"Description\", \"Price\"]}}]"}}, {"model": "admin.logentry", "pk": 73, "fields": {"action_time": "2022-05-10T09:09:37.656Z", "user": 1, "content_type": 13, "object_id": "6", "object_repr": "prints_birds", "action_flag": 1, "change_message": "[{\"added\": {}}]"}}, {"model": "admin.logentry", "pk": 74, "fields": {"action_time": "2022-05-10T09:09:56.431Z", "user": 1, "content_type": 13, "object_id": "7", "object_repr": "prints_mammals", "action_flag": 1, "change_message": "[{\"added\": {}}]"}}, {"model": "admin.logentry", "pk": 75, "fields": {"action_time": "2022-05-10T09:10:18.644Z", "user": 1, "content_type": 13, "object_id": "8", "object_repr": "prints_fantasy", "action_flag": 1, "change_message": "[{\"added\": {}}]"}}, {"model": "admin.logentry", "pk": 76, "fields": {"action_time": "2022-05-10T09:16:10.971Z", "user": 1, "content_type": 14, "object_id": "20", "object_repr": "Blue Tit (print)", "action_flag": 1, "change_message": "[{\"added\": {}}]"}}, {"model": "admin.logentry", "pk": 77, "fields": {"action_time": "2022-05-10T10:33:06.710Z", "user": 1, "content_type": 13, "object_id": "2", "object_repr": "prints", "action_flag": 3, "change_message": ""}}, {"model": "admin.logentry", "pk": 78, "fields": {"action_time": "2022-05-10T10:33:06.739Z", "user": 1, "content_type": 13, "object_id": "1", "object_repr": "originals", "action_flag": 3, "change_message": ""}}, {"model": "admin.logentry", "pk": 79, "fields": {"action_time": "2022-05-10T10:33:58.898Z", "user": 1, "content_type": 13, "object_id": "9", "object_repr": "merch_birds", "action_flag": 1, "change_message": "[{\"added\": {}}]"}}, {"model": "admin.logentry", "pk": 80, "fields": {"action_time": "2022-05-10T10:34:08.775Z", "user": 1, "content_type": 13, "object_id": "10", "object_repr": "merch_mammals", "action_flag": 1, "change_message": "[{\"added\": {}}]"}}, {"model": "admin.logentry", "pk": 81, "fields": {"action_time": "2022-05-10T10:34:20.759Z", "user": 1, "content_type": 13, "object_id": "11", "object_repr": "merch_fantasy", "action_flag": 1, "change_message": "[{\"added\": {}}]"}}, {"model": "admin.logentry", "pk": 82, "fields": {"action_time": "2022-05-10T10:34:43.401Z", "user": 1, "content_type": 13, "object_id": "3", "object_repr": "merch", "action_flag": 3, "change_message": ""}}, {"model": "admin.logentry", "pk": 83, "fields": {"action_time": "2022-05-10T10:34:58.097Z", "user": 1, "content_type": 13, "object_id": "5", "object_repr": "originals_mammals", "action_flag": 2, "change_message": "[{\"changed\": {\"fields\": [\"Name\"]}}]"}}, {"model": "admin.logentry", "pk": 84, "fields": {"action_time": "2022-05-10T10:35:13.367Z", "user": 1, "content_type": 13, "object_id": "4", "object_repr": "originals_birds", "action_flag": 2, "change_message": "[{\"changed\": {\"fields\": [\"Name\"]}}]"}}, {"model": "admin.logentry", "pk": 85, "fields": {"action_time": "2022-05-10T10:46:07.505Z", "user": 1, "content_type": 14, "object_id": "20", "object_repr": "Blue Tit (print)", "action_flag": 2, "change_message": "[{\"changed\": {\"fields\": [\"Has sizes\"]}}]"}}, {"model": "admin.logentry", "pk": 86, "fields": {"action_time": "2022-05-10T11:16:54.567Z", "user": 1, "content_type": 14, "object_id": "21", "object_repr": "Chaffinch (print)", "action_flag": 1, "change_message": "[{\"added\": {}}]"}}, {"model": "admin.logentry", "pk": 87, "fields": {"action_time": "2022-05-10T11:18:52.800Z", "user": 1, "content_type": 14, "object_id": "22", "object_repr": "Hobbit House", "action_flag": 1, "change_message": "[{\"added\": {}}]"}}, {"model": "admin.logentry", "pk": 88, "fields": {"action_time": "2022-05-10T11:19:52.844Z", "user": 1, "content_type": 14, "object_id": "23", "object_repr": "Leaf of Lorien", "action_flag": 1, "change_message": "[{\"added\": {}}]"}}, {"model": "admin.logentry", "pk": 89, "fields": {"action_time": "2022-05-10T11:20:56.125Z", "user": 1, "content_type": 14, "object_id": "24", "object_repr": "Rabbit (print)", "action_flag": 1, "change_message": "[{\"added\": {}}]"}}, {"model": "admin.logentry", "pk": 90, "fields": {"action_time": "2022-05-10T11:22:02.037Z", "user": 1, "content_type": 14, "object_id": "25", "object_repr": "Red  Squirrel (print)", "action_flag": 1, "change_message": "[{\"added\": {}}]"}}, {"model": "admin.logentry", "pk": 91, "fields": {"action_time": "2022-05-10T11:28:27.925Z", "user": 1, "content_type": 14, "object_id": "26", "object_repr": "Blue Tit Clock", "action_flag": 1, "change_message": "[{\"added\": {}}]"}}, {"model": "admin.logentry", "pk": 92, "fields": {"action_time": "2022-05-10T11:29:18.871Z", "user": 1, "content_type": 14, "object_id": "27", "object_repr": "Chaffinch Clock", "action_flag": 1, "change_message": "[{\"added\": {}}]"}}, {"model": "admin.logentry", "pk": 93, "fields": {"action_time": "2022-05-10T11:30:41.485Z", "user": 1, "content_type": 14, "object_id": "28", "object_repr": "Hobbit House Clock", "action_flag": 1, "change_message": "[{\"added\": {}}]"}}, {"model": "admin.logentry", "pk": 94, "fields": {"action_time": "2022-05-10T11:31:31.828Z", "user": 1, "content_type": 14, "object_id": "29", "object_repr": "Rabbit Clock", "action_flag": 1, "change_message": "[{\"added\": {}}]"}}, {"model": "admin.logentry", "pk": 95, "fields": {"action_time": "2022-05-10T11:32:25.337Z", "user": 1, "content_type": 14, "object_id": "30", "object_repr": "Robin Clock", "action_flag": 1, "change_message": "[{\"added\": {}}]"}}, {"model": "admin.logentry", "pk": 96, "fields": {"action_time": "2022-05-10T11:33:12.714Z", "user": 1, "content_type": 14, "object_id": "31", "object_repr": "Red Squirrel Clock", "action_flag": 1, "change_message": "[{\"added\": {}}]"}}, {"model": "admin.logentry", "pk": 97, "fields": {"action_time": "2022-05-10T11:33:28.107Z", "user": 1, "content_type": 14, "object_id": "26", "object_repr": "Blue Tit Clock", "action_flag": 2, "change_message": "[{\"changed\": {\"fields\": [\"Description\"]}}]"}}, {"model": "admin.logentry", "pk": 98, "fields": {"action_time": "2022-05-10T11:33:39.403Z", "user": 1, "content_type": 14, "object_id": "27", "object_repr": "Chaffinch Clock", "action_flag": 2, "change_message": "[{\"changed\": {\"fields\": [\"Description\"]}}]"}}, {"model": "admin.logentry", "pk": 99, "fields": {"action_time": "2022-05-10T11:50:45.214Z", "user": 1, "content_type": 14, "object_id": "32", "object_repr": "Blue Tit Classic T-Shirt", "action_flag": 1, "change_message": "[{\"added\": {}}]"}}, {"model": "admin.logentry", "pk": 100, "fields": {"action_time": "2022-05-10T11:51:37.294Z", "user": 1, "content_type": 14, "object_id": "33", "object_repr": "Chaffinch Classic T-Shirt", "action_flag": 1, "change_message": "[{\"added\": {}}]"}}, {"model": "admin.logentry", "pk": 101, "fields": {"action_time": "2022-05-10T11:52:28.916Z", "user": 1, "content_type": 14, "object_id": "34", "object_repr": "Hobbit House Classic T-Shirt", "action_flag": 1, "change_message": "[{\"added\": {}}]"}}, {"model": "admin.logentry", "pk": 102, "fields": {"action_time": "2022-05-10T11:53:08.362Z", "user": 1, "content_type": 14, "object_id": "35", "object_repr": "Leaf of Lorien Classic T-Shirt", "action_flag": 1, "change_message": "[{\"added\": {}}]"}}, {"model": "admin.logentry", "pk": 103, "fields": {"action_time": "2022-05-10T11:53:51.216Z", "user": 1, "content_type": 14, "object_id": "36", "object_repr": "Rabbit Classic T-Shirt", "action_flag": 1, "change_message": "[{\"added\": {}}]"}}, {"model": "admin.logentry", "pk": 104, "fields": {"action_time": "2022-05-10T11:54:23.482Z", "user": 1, "content_type": 14, "object_id": "37", "object_repr": "Robin Classic T-Shirt", "action_flag": 1, "change_message": "[{\"added\": {}}]"}}, {"model": "admin.logentry", "pk": 105, "fields": {"action_time": "2022-05-12T11:26:17.918Z", "user": 1, "content_type": 14, "object_id": "20", "object_repr": "Blue Tit (print)", "action_flag": 2, "change_message": "[{\"changed\": {\"fields\": [\"Has sizes\"]}}]"}}, {"model": "admin.logentry", "pk": 106, "fields": {"action_time": "2022-05-12T11:26:31.974Z", "user": 1, "content_type": 14, "object_id": "21", "object_repr": "Chaffinch (print)", "action_flag": 2, "change_message": "[{\"changed\": {\"fields\": [\"Has sizes\"]}}]"}}, {"model": "admin.logentry", "pk": 107, "fields": {"action_time": "2022-05-12T11:26:42.509Z", "user": 1, "content_type": 14, "object_id": "22", "object_repr": "Hobbit House", "action_flag": 2, "change_message": "[{\"changed\": {\"fields\": [\"Has sizes\"]}}]"}}, {"model": "admin.logentry", "pk": 108, "fields": {"action_time": "2022-05-12T11:26:51.463Z", "user": 1, "content_type": 14, "object_id": "23", "object_repr": "Leaf of Lorien", "action_flag": 2, "change_message": "[{\"changed\": {\"fields\": [\"Has sizes\"]}}]"}}, {"model": "admin.logentry", "pk": 109, "fields": {"action_time": "2022-05-12T11:27:03.189Z", "user": 1, "content_type": 14, "object_id": "24", "object_repr": "Rabbit (print)", "action_flag": 2, "change_message": "[{\"changed\": {\"fields\": [\"Has sizes\"]}}]"}}, {"model": "admin.logentry", "pk": 110, "fields": {"action_time": "2022-05-12T11:27:17.661Z", "user": 1, "content_type": 14, "object_id": "25", "object_repr": "Red  Squirrel (print)", "action_flag": 2, "change_message": "[{\"changed\": {\"fields\": [\"Has sizes\"]}}]"}}, {"model": "admin.logentry", "pk": 111, "fields": {"action_time": "2022-05-12T14:30:10.086Z", "user": 1, "content_type": 14, "object_id": "1", "object_repr": "Blue Tit", "action_flag": 2, "change_message": "[]"}}, {"model": "admin.logentry", "pk": 112, "fields": {"action_time": "2022-05-12T14:30:41.338Z", "user": 1, "content_type": 14, "object_id": "2", "object_repr": "Bearded Tit", "action_flag": 2, "change_message": "[]"}}, {"model": "admin.logentry", "pk": 113, "fields": {"action_time": "2022-05-12T14:31:01.998Z", "user": 1, "content_type": 14, "object_id": "32", "object_repr": "Blue Tit Classic T-Shirt", "action_flag": 2, "change_message": "[{\"changed\": {\"fields\": [\"Has qty\"]}}]"}}, {"model": "admin.logentry", "pk": 114, "fields": {"action_time": "2022-05-12T14:31:08.019Z", "user": 1, "content_type": 14, "object_id": "33", "object_repr": "Chaffinch Classic T-Shirt", "action_flag": 2, "change_message": "[{\"changed\": {\"fields\": [\"Has qty\"]}}]"}}, {"model": "admin.logentry", "pk": 115, "fields": {"action_time": "2022-05-12T14:31:15.068Z", "user": 1, "content_type": 14, "object_id": "37", "object_repr": "Robin Classic T-Shirt", "action_flag": 2, "change_message": "[{\"changed\": {\"fields\": [\"Has qty\"]}}]"}}, {"model": "admin.logentry", "pk": 116, "fields": {"action_time": "2022-05-12T14:31:20.615Z", "user": 1, "content_type": 14, "object_id": "37", "object_repr": "Robin Classic T-Shirt", "action_flag": 2, "change_message": "[]"}}, {"model": "admin.logentry", "pk": 117, "fields": {"action_time": "2022-05-12T14:31:27.741Z", "user": 1, "content_type": 14, "object_id": "26", "object_repr": "Blue Tit Clock", "action_flag": 2, "change_message": "[{\"changed\": {\"fields\": [\"Has qty\"]}}]"}}, {"model": "admin.logentry", "pk": 118, "fields": {"action_time": "2022-05-12T14:31:34.888Z", "user": 1, "content_type": 14, "object_id": "26", "object_repr": "Blue Tit Clock", "action_flag": 2, "change_message": "[]"}}, {"model": "admin.logentry", "pk": 119, "fields": {"action_time": "2022-05-12T14:31:39.869Z", "user": 1, "content_type": 14, "object_id": "27", "object_repr": "Chaffinch Clock", "action_flag": 2, "change_message": "[{\"changed\": {\"fields\": [\"Has qty\"]}}]"}}, {"model": "admin.logentry", "pk": 120, "fields": {"action_time": "2022-05-12T14:31:45.495Z", "user": 1, "content_type": 14, "object_id": "31", "object_repr": "Red Squirrel Clock", "action_flag": 2, "change_message": "[{\"changed\": {\"fields\": [\"Has qty\"]}}]"}}, {"model": "admin.logentry", "pk": 121, "fields": {"action_time": "2022-05-12T14:31:54.844Z", "user": 1, "content_type": 14, "object_id": "34", "object_repr": "Hobbit House Classic T-Shirt", "action_flag": 2, "change_message": "[{\"changed\": {\"fields\": [\"Has qty\"]}}]"}}, {"model": "admin.logentry", "pk": 122, "fields": {"action_time": "2022-05-12T14:32:02.684Z", "user": 1, "content_type": 14, "object_id": "35", "object_repr": "Leaf of Lorien Classic T-Shirt", "action_flag": 2, "change_message": "[{\"changed\": {\"fields\": [\"Has qty\"]}}]"}}, {"model": "admin.logentry", "pk": 123, "fields": {"action_time": "2022-05-12T14:32:08.209Z", "user": 1, "content_type": 14, "object_id": "35", "object_repr": "Leaf of Lorien Classic T-Shirt", "action_flag": 2, "change_message": "[]"}}, {"model": "admin.logentry", "pk": 124, "fields": {"action_time": "2022-05-12T14:32:18.616Z", "user": 1, "content_type": 14, "object_id": "36", "object_repr": "Rabbit Classic T-Shirt", "action_flag": 2, "change_message": "[{\"changed\": {\"fields\": [\"Has qty\"]}}]"}}, {"model": "admin.logentry", "pk": 125, "fields": {"action_time": "2022-05-12T14:32:36.984Z", "user": 1, "content_type": 14, "object_id": "20", "object_repr": "Blue Tit (print)", "action_flag": 2, "change_message": "[{\"changed\": {\"fields\": [\"Has qty\"]}}]"}}, {"model": "admin.logentry", "pk": 126, "fields": {"action_time": "2022-05-12T14:32:44.091Z", "user": 1, "content_type": 14, "object_id": "21", "object_repr": "Chaffinch (print)", "action_flag": 2, "change_message": "[{\"changed\": {\"fields\": [\"Has qty\"]}}]"}}, {"model": "admin.logentry", "pk": 127, "fields": {"action_time": "2022-05-12T14:32:50.519Z", "user": 1, "content_type": 14, "object_id": "22", "object_repr": "Hobbit House", "action_flag": 2, "change_message": "[{\"changed\": {\"fields\": [\"Has qty\"]}}]"}}, {"model": "admin.logentry", "pk": 128, "fields": {"action_time": "2022-05-12T14:33:04.195Z", "user": 1, "content_type": 14, "object_id": "23", "object_repr": "Leaf of Lorien", "action_flag": 2, "change_message": "[{\"changed\": {\"fields\": [\"Has qty\"]}}]"}}, {"model": "admin.logentry", "pk": 129, "fields": {"action_time": "2022-05-12T14:33:11.843Z", "user": 1, "content_type": 14, "object_id": "24", "object_repr": "Rabbit (print)", "action_flag": 2, "change_message": "[{\"changed\": {\"fields\": [\"Has qty\"]}}]"}}, {"model": "admin.logentry", "pk": 130, "fields": {"action_time": "2022-05-12T14:33:18.728Z", "user": 1, "content_type": 14, "object_id": "25", "object_repr": "Red  Squirrel (print)", "action_flag": 2, "change_message": "[{\"changed\": {\"fields\": [\"Has qty\"]}}]"}}, {"model": "admin.logentry", "pk": 131, "fields": {"action_time": "2022-05-12T15:22:00.047Z", "user": 1, "content_type": 14, "object_id": "32", "object_repr": "Blue Tit Classic T-Shirt", "action_flag": 2, "change_message": "[{\"changed\": {\"fields\": [\"Quantity\"]}}]"}}, {"model": "admin.logentry", "pk": 132, "fields": {"action_time": "2022-05-12T15:22:08.997Z", "user": 1, "content_type": 14, "object_id": "1", "object_repr": "Blue Tit", "action_flag": 2, "change_message": "[]"}}, {"model": "admin.logentry", "pk": 133, "fields": {"action_time": "2022-05-12T15:28:18.988Z", "user": 1, "content_type": 14, "object_id": "32", "object_repr": "Blue Tit Classic T-Shirt", "action_flag": 2, "change_message": "[{\"changed\": {\"fields\": [\"Quantity\"]}}]"}}, {"model": "admin.logentry", "pk": 134, "fields": {"action_time": "2022-05-12T15:28:35.770Z", "user": 1, "content_type": 14, "object_id": "32", "object_repr": "Blue Tit Classic T-Shirt", "action_flag": 2, "change_message": "[{\"changed\": {\"fields\": [\"Quantity\"]}}]"}}, {"model": "admin.logentry", "pk": 135, "fields": {"action_time": "2022-05-12T15:28:50.394Z", "user": 1, "content_type": 14, "object_id": "32", "object_repr": "Blue Tit Classic T-Shirt", "action_flag": 2, "change_message": "[{\"changed\": {\"fields\": [\"Quantity\"]}}]"}}, {"model": "admin.logentry", "pk": 136, "fields": {"action_time": "2022-05-12T15:29:46.929Z", "user": 1, "content_type": 14, "object_id": "32", "object_repr": "Blue Tit Classic T-Shirt", "action_flag": 2, "change_message": "[{\"changed\": {\"fields\": [\"Quantity\"]}}]"}}, {"model": "admin.logentry", "pk": 137, "fields": {"action_time": "2022-05-12T15:30:30.717Z", "user": 1, "content_type": 14, "object_id": "32", "object_repr": "Blue Tit Classic T-Shirt", "action_flag": 2, "change_message": "[{\"changed\": {\"fields\": [\"Quantity\"]}}]"}}, {"model": "admin.logentry", "pk": 138, "fields": {"action_time": "2022-05-14T15:21:27.254Z", "user": 1, "content_type": 14, "object_id": "1", "object_repr": "Blue Tit", "action_flag": 2, "change_message": "[{\"changed\": {\"fields\": [\"Image\"]}}]"}}, {"model": "admin.logentry", "pk": 139, "fields": {"action_time": "2022-05-14T15:32:01.735Z", "user": 1, "content_type": 14, "object_id": "1", "object_repr": "Blue Tit", "action_flag": 2, "change_message": "[{\"changed\": {\"fields\": [\"Image\"]}}]"}}, {"model": "admin.logentry", "pk": 140, "fields": {"action_time": "2022-05-19T08:47:41.733Z", "user": 1, "content_type": 17, "object_id": "20", "object_repr": "32428F40D6084AA5A5153CA98F993736", "action_flag": 2, "change_message": "[{\"changed\": {\"name\": \"order line item\", \"object\": \"SKU PF0001HH on order 32428F40D6084AA5A5153CA98F993736\", \"fields\": [\"Quantity\"]}}]"}}, {"model": "admin.logentry", "pk": 141, "fields": {"action_time": "2022-05-19T08:48:00.007Z", "user": 1, "content_type": 17, "object_id": "20", "object_repr": "32428F40D6084AA5A5153CA98F993736", "action_flag": 2, "change_message": "[{\"changed\": {\"name\": \"order line item\", \"object\": \"SKU PF0001HH on order 32428F40D6084AA5A5153CA98F993736\", \"fields\": [\"Quantity\"]}}]"}}, {"model": "admin.logentry", "pk": 142, "fields": {"action_time": "2022-05-19T08:48:13.754Z", "user": 1, "content_type": 17, "object_id": "20", "object_repr": "32428F40D6084AA5A5153CA98F993736", "action_flag": 2, "change_message": "[{\"changed\": {\"name\": \"order line item\", \"object\": \"SKU PF0001HH on order 32428F40D6084AA5A5153CA98F993736\", \"fields\": [\"Quantity\"]}}]"}}, {"model": "admin.logentry", "pk": 143, "fields": {"action_time": "2022-05-19T08:48:22.636Z", "user": 1, "content_type": 17, "object_id": "20", "object_repr": "32428F40D6084AA5A5153CA98F993736", "action_flag": 2, "change_message": "[]"}}, {"model": "admin.logentry", "pk": 144, "fields": {"action_time": "2022-05-19T08:50:02.137Z", "user": 1, "content_type": 17, "object_id": "15", "object_repr": "A4752046A8DC4A32B5E1BAF56AC135B1", "action_flag": 3, "change_message": ""}}, {"model": "admin.logentry", "pk": 145, "fields": {"action_time": "2022-05-19T08:50:02.139Z", "user": 1, "content_type": 17, "object_id": "14", "object_repr": "31FF21CC56174FADB364B4E760A7BACF", "action_flag": 3, "change_message": ""}}, {"model": "admin.logentry", "pk": 146, "fields": {"action_time": "2022-05-19T08:50:02.141Z", "user": 1, "content_type": 17, "object_id": "13", "object_repr": "8048E67E95B540668982DF73BA687A7F", "action_flag": 3, "change_message": ""}}, {"model": "admin.logentry", "pk": 147, "fields": {"action_time": "2022-05-19T08:50:02.143Z", "user": 1, "content_type": 17, "object_id": "12", "object_repr": "32CB0E7F86884C6C9F3AF418650D6C0D", "action_flag": 3, "change_message": ""}}, {"model": "admin.logentry", "pk": 148, "fields": {"action_time": "2022-05-19T08:50:02.144Z", "user": 1, "content_type": 17, "object_id": "11", "object_repr": "9F7E39D43C674B3C9291ACC6499E00E5", "action_flag": 3, "change_message": ""}}, {"model": "admin.logentry", "pk": 149, "fields": {"action_time": "2022-05-19T08:50:02.146Z", "user": 1, "content_type": 17, "object_id": "10", "object_repr": "736A2B305C5A46009A63168C937308CC", "action_flag": 3, "change_message": ""}}, {"model": "admin.logentry", "pk": 150, "fields": {"action_time": "2022-05-19T08:50:02.148Z", "user": 1, "content_type": 17, "object_id": "9", "object_repr": "21BBA688A6B44A2E984C9EF64EF0E488", "action_flag": 3, "change_message": ""}}, {"model": "admin.logentry", "pk": 151, "fields": {"action_time": "2022-05-19T08:50:02.149Z", "user": 1, "content_type": 17, "object_id": "8", "object_repr": "798764A20F584A63B2A9F4EF17FEE306", "action_flag": 3, "change_message": ""}}, {"model": "admin.logentry", "pk": 152, "fields": {"action_time": "2022-05-19T08:50:02.150Z", "user": 1, "content_type": 17, "object_id": "7", "object_repr": "69A275EE044C482A9ACD8DB4295214B9", "action_flag": 3, "change_message": ""}}, {"model": "admin.logentry", "pk": 153, "fields": {"action_time": "2022-05-19T08:50:02.152Z", "user": 1, "content_type": 17, "object_id": "6", "object_repr": "41D9CA08CD764331BDC5232615377423", "action_flag": 3, "change_message": ""}}, {"model": "admin.logentry", "pk": 154, "fields": {"action_time": "2022-05-19T08:50:02.153Z", "user": 1, "content_type": 17, "object_id": "5", "object_repr": "FE72269AB8BA4EFEB710BEE8A122687F", "action_flag": 3, "change_message": ""}}, {"model": "admin.logentry", "pk": 155, "fields": {"action_time": "2022-05-19T08:50:02.155Z", "user": 1, "content_type": 17, "object_id": "4", "object_repr": "2F13DEB1C78C43C58569FE8FFF15E98D", "action_flag": 3, "change_message": ""}}, {"model": "admin.logentry", "pk": 156, "fields": {"action_time": "2022-05-19T08:50:02.156Z", "user": 1, "content_type": 17, "object_id": "3", "object_repr": "D67163F336F94B12B5C3444E3FC0D9E6", "action_flag": 3, "change_message": ""}}, {"model": "admin.logentry", "pk": 157, "fields": {"action_time": "2022-05-19T08:50:02.158Z", "user": 1, "content_type": 17, "object_id": "2", "object_repr": "9634B472A1D3405582FED8D6F22A0195", "action_flag": 3, "change_message": ""}}, {"model": "admin.logentry", "pk": 158, "fields": {"action_time": "2022-05-19T08:50:02.159Z", "user": 1, "content_type": 17, "object_id": "1", "object_repr": "1FF263DE88EF40B5A367F675607A5DE7", "action_flag": 3, "change_message": ""}}, {"model": "admin.logentry", "pk": 159, "fields": {"action_time": "2022-05-22T17:26:09.100Z", "user": 1, "content_type": 4, "object_id": "1", "object_repr": "danbobhig@gmail.com", "action_flag": 2, "change_message": "[{\"changed\": {\"fields\": [\"Username\", \"First name\", \"Last name\"]}}]"}}, {"model": "admin.logentry", "pk": 160, "fields": {"action_time": "2022-05-22T17:27:12.515Z", "user": 1, "content_type": 4, "object_id": "1", "object_repr": "danbob81", "action_flag": 2, "change_message": "[{\"changed\": {\"fields\": [\"Username\"]}}]"}}, {"model": "admin.logentry", "pk": 161, "fields": {"action_time": "2022-05-22T20:42:32.049Z", "user": 1, "content_type": 4, "object_id": "2", "object_repr": "testytest", "action_flag": 2, "change_message": "[{\"changed\": {\"fields\": [\"Username\", \"First name\", \"Last name\"]}}]"}}, {"model": "admin.logentry", "pk": 162, "fields": {"action_time": "2022-05-29T10:22:45.627Z", "user": 1, "content_type": 4, "object_id": "2", "object_repr": "testytest", "action_flag": 2, "change_message": "[{\"changed\": {\"fields\": [\"password\"]}}]"}}, {"model": "admin.logentry", "pk": 163, "fields": {"action_time": "2022-06-02T13:24:07.081Z", "user": 1, "content_type": 14, "object_id": "39", "object_repr": "test2", "action_flag": 3, "change_message": ""}}, {"model": "admin.logentry", "pk": 164, "fields": {"action_time": "2022-06-02T13:24:07.083Z", "user": 1, "content_type": 14, "object_id": "38", "object_repr": "test", "action_flag": 3, "change_message": ""}}, {"model": "admin.logentry", "pk": 165, "fields": {"action_time": "2022-06-02T17:09:34.988Z", "user": 1, "content_type": 14, "object_id": "40", "object_repr": "test", "action_flag": 3, "change_message": ""}}, {"model": "admin.logentry", "pk": 166, "fields": {"action_time": "2022-06-02T19:15:30.679Z", "user": 1, "content_type": 14, "object_id": "41", "object_repr": "test", "action_flag": 3, "change_message": ""}}, {"model": "admin.logentry", "pk": 167, "fields": {"action_time": "2022-06-03T11:05:20.796Z", "user": 1, "content_type": 13, "object_id": "12", "object_repr": "originals", "action_flag": 1, "change_message": "[{\"added\": {}}]"}}, {"model": "admin.logentry", "pk": 168, "fields": {"action_time": "2022-06-03T11:05:29.940Z", "user": 1, "content_type": 13, "object_id": "13", "object_repr": "prints", "action_flag": 1, "change_message": "[{\"added\": {}}]"}}, {"model": "admin.logentry", "pk": 169, "fields": {"action_time": "2022-06-03T11:05:43.876Z", "user": 1, "content_type": 13, "object_id": "14", "object_repr": "merch", "action_flag": 1, "change_message": "[{\"added\": {}}]"}}, {"model": "admin.logentry", "pk": 170, "fields": {"action_time": "2022-06-03T11:43:13.070Z", "user": 1, "content_type": 20, "object_id": "1", "object_repr": "british_birds", "action_flag": 1, "change_message": "[{\"added\": {}}]"}}, {"model": "admin.logentry", "pk": 171, "fields": {"action_time": "2022-06-03T11:43:29.209Z", "user": 1, "content_type": 20, "object_id": "2", "object_repr": "british_mammals", "action_flag": 1, "change_message": "[{\"added\": {}}]"}}, {"model": "admin.logentry", "pk": 172, "fields": {"action_time": "2022-06-03T11:43:41.163Z", "user": 1, "content_type": 20, "object_id": "3", "object_repr": "fantasy", "action_flag": 1, "change_message": "[{\"added\": {}}]"}}, {"model": "admin.logentry", "pk": 173, "fields": {"action_time": "2022-06-03T11:44:02.092Z", "user": 1, "content_type": 14, "object_id": "32", "object_repr": "Blue Tit Classic T-Shirt", "action_flag": 2, "change_message": "[{\"changed\": {\"fields\": [\"Category\", \"Sub category\"]}}]"}}, {"model": "admin.logentry", "pk": 174, "fields": {"action_time": "2022-06-03T11:44:40.865Z", "user": 1, "content_type": 13, "object_id": "11", "object_repr": "merch_fantasy", "action_flag": 3, "change_message": ""}}, {"model": "admin.logentry", "pk": 175, "fields": {"action_time": "2022-06-03T11:44:40.871Z", "user": 1, "content_type": 13, "object_id": "10", "object_repr": "merch_mammals", "action_flag": 3, "change_message": ""}}, {"model": "admin.logentry", "pk": 176, "fields": {"action_time": "2022-06-03T11:44:40.872Z", "user": 1, "content_type": 13, "object_id": "9", "object_repr": "merch_birds", "action_flag": 3, "change_message": ""}}, {"model": "admin.logentry", "pk": 177, "fields": {"action_time": "2022-06-03T11:44:40.874Z", "user": 1, "content_type": 13, "object_id": "8", "object_repr": "prints_fantasy", "action_flag": 3, "change_message": ""}}, {"model": "admin.logentry", "pk": 178, "fields": {"action_time": "2022-06-03T11:44:40.875Z", "user": 1, "content_type": 13, "object_id": "7", "object_repr": "prints_mammals", "action_flag": 3, "change_message": ""}}, {"model": "admin.logentry", "pk": 179, "fields": {"action_time": "2022-06-03T11:44:40.877Z", "user": 1, "content_type": 13, "object_id": "6", "object_repr": "prints_birds", "action_flag": 3, "change_message": ""}}, {"model": "admin.logentry", "pk": 180, "fields": {"action_time": "2022-06-03T11:44:40.879Z", "user": 1, "content_type": 13, "object_id": "5", "object_repr": "originals_mammals", "action_flag": 3, "change_message": ""}}, {"model": "admin.logentry", "pk": 181, "fields": {"action_time": "2022-06-03T11:44:40.880Z", "user": 1, "content_type": 13, "object_id": "4", "object_repr": "originals_birds", "action_flag": 3, "change_message": ""}}, {"model": "admin.logentry", "pk": 182, "fields": {"action_time": "2022-06-03T11:44:57.040Z", "user": 1, "content_type": 14, "object_id": "33", "object_repr": "Chaffinch Classic T-Shirt", "action_flag": 2, "change_message": "[{\"changed\": {\"fields\": [\"Category\", \"Sub category\"]}}]"}}, {"model": "admin.logentry", "pk": 183, "fields": {"action_time": "2022-06-03T11:48:41.456Z", "user": 1, "content_type": 14, "object_id": "32", "object_repr": "Blue Tit Classic T-Shirt", "action_flag": 2, "change_message": "[{\"changed\": {\"fields\": [\"Category\"]}}]"}}, {"model": "admin.logentry", "pk": 184, "fields": {"action_time": "2022-06-03T11:48:51.085Z", "user": 1, "content_type": 14, "object_id": "33", "object_repr": "Chaffinch Classic T-Shirt", "action_flag": 2, "change_message": "[{\"changed\": {\"fields\": [\"Category\"]}}]"}}, {"model": "admin.logentry", "pk": 185, "fields": {"action_time": "2022-06-03T11:49:00.214Z", "user": 1, "content_type": 14, "object_id": "37", "object_repr": "Robin Classic T-Shirt", "action_flag": 2, "change_message": "[{\"changed\": {\"fields\": [\"Category\", \"Sub category\"]}}]"}}, {"model": "admin.logentry", "pk": 186, "fields": {"action_time": "2022-06-03T11:49:10.592Z", "user": 1, "content_type": 14, "object_id": "26", "object_repr": "Blue Tit Clock", "action_flag": 2, "change_message": "[{\"changed\": {\"fields\": [\"Category\", \"Sub category\"]}}]"}}, {"model": "admin.logentry", "pk": 187, "fields": {"action_time": "2022-06-03T11:49:25.453Z", "user": 1, "content_type": 14, "object_id": "27", "object_repr": "Chaffinch Clock", "action_flag": 2, "change_message": "[{\"changed\": {\"fields\": [\"Category\", \"Sub category\"]}}]"}}, {"model": "admin.logentry", "pk": 188, "fields": {"action_time": "2022-06-03T11:49:38.440Z", "user": 1, "content_type": 14, "object_id": "30", "object_repr": "Robin Clock", "action_flag": 2, "change_message": "[{\"changed\": {\"fields\": [\"Category\", \"Sub category\"]}}]"}}, {"model": "admin.logentry", "pk": 189, "fields": {"action_time": "2022-06-03T11:49:49.974Z", "user": 1, "content_type": 14, "object_id": "28", "object_repr": "Hobbit House Clock", "action_flag": 2, "change_message": "[{\"changed\": {\"fields\": [\"Category\", \"Sub category\"]}}]"}}, {"model": "admin.logentry", "pk": 190, "fields": {"action_time": "2022-06-03T11:50:01.043Z", "user": 1, "content_type": 14, "object_id": "29", "object_repr": "Rabbit Clock", "action_flag": 2, "change_message": "[{\"changed\": {\"fields\": [\"Category\", \"Sub category\"]}}]"}}, {"model": "admin.logentry", "pk": 191, "fields": {"action_time": "2022-06-03T11:50:13.164Z", "user": 1, "content_type": 14, "object_id": "31", "object_repr": "Red Squirrel Clock", "action_flag": 2, "change_message": "[{\"changed\": {\"fields\": [\"Category\", \"Sub category\"]}}]"}}, {"model": "admin.logentry", "pk": 192, "fields": {"action_time": "2022-06-03T11:50:26.923Z", "user": 1, "content_type": 14, "object_id": "34", "object_repr": "Hobbit House Classic T-Shirt", "action_flag": 2, "change_message": "[{\"changed\": {\"fields\": [\"Category\", \"Sub category\"]}}]"}}, {"model": "admin.logentry", "pk": 193, "fields": {"action_time": "2022-06-03T11:50:38.206Z", "user": 1, "content_type": 14, "object_id": "35", "object_repr": "Leaf of Lorien Classic T-Shirt", "action_flag": 2, "change_message": "[{\"changed\": {\"fields\": [\"Category\", \"Sub category\"]}}]"}}, {"model": "admin.logentry", "pk": 194, "fields": {"action_time": "2022-06-03T11:52:38.124Z", "user": 1, "content_type": 14, "object_id": "36", "object_repr": "Rabbit Classic T-Shirt", "action_flag": 2, "change_message": "[{\"changed\": {\"fields\": [\"Category\", \"Sub category\"]}}]"}}, {"model": "admin.logentry", "pk": 195, "fields": {"action_time": "2022-06-03T11:52:52.568Z", "user": 1, "content_type": 14, "object_id": "1", "object_repr": "Blue Tit", "action_flag": 2, "change_message": "[{\"changed\": {\"fields\": [\"Category\", \"Sub category\"]}}]"}}, {"model": "admin.logentry", "pk": 196, "fields": {"action_time": "2022-06-03T11:53:01.962Z", "user": 1, "content_type": 14, "object_id": "2", "object_repr": "Bearded Tit", "action_flag": 2, "change_message": "[{\"changed\": {\"fields\": [\"Category\", \"Sub category\"]}}]"}}, {"model": "admin.logentry", "pk": 197, "fields": {"action_time": "2022-06-03T11:53:15.269Z", "user": 1, "content_type": 14, "object_id": "3", "object_repr": "Bullfinch", "action_flag": 2, "change_message": "[{\"changed\": {\"fields\": [\"Category\", \"Sub category\"]}}]"}}, {"model": "admin.logentry", "pk": 198, "fields": {"action_time": "2022-06-03T11:53:24.469Z", "user": 1, "content_type": 14, "object_id": "4", "object_repr": "Crested Tit", "action_flag": 2, "change_message": "[{\"changed\": {\"fields\": [\"Category\", \"Sub category\"]}}]"}}, {"model": "admin.logentry", "pk": 199, "fields": {"action_time": "2022-06-03T11:53:59.613Z", "user": 1, "content_type": 14, "object_id": "5", "object_repr": "Chaffinch", "action_flag": 2, "change_message": "[{\"changed\": {\"fields\": [\"Category\", \"Sub category\"]}}]"}}, {"model": "admin.logentry", "pk": 200, "fields": {"action_time": "2022-06-03T11:54:08.795Z", "user": 1, "content_type": 14, "object_id": "6", "object_repr": "Gold Crest", "action_flag": 2, "change_message": "[{\"changed\": {\"fields\": [\"Category\", \"Sub category\"]}}]"}}, {"model": "admin.logentry", "pk": 201, "fields": {"action_time": "2022-06-03T11:54:17.351Z", "user": 1, "content_type": 14, "object_id": "7", "object_repr": "Gold Crest (wings up)", "action_flag": 2, "change_message": "[{\"changed\": {\"fields\": [\"Category\", \"Sub category\"]}}]"}}, {"model": "admin.logentry", "pk": 202, "fields": {"action_time": "2022-06-03T11:54:27.255Z", "user": 1, "content_type": 14, "object_id": "8", "object_repr": "Goldfinch", "action_flag": 2, "change_message": "[{\"changed\": {\"fields\": [\"Category\", \"Sub category\"]}}]"}}, {"model": "admin.logentry", "pk": 203, "fields": {"action_time": "2022-06-03T11:54:40.041Z", "user": 1, "content_type": 14, "object_id": "9", "object_repr": "Long Tailed Tit", "action_flag": 2, "change_message": "[{\"changed\": {\"fields\": [\"Category\", \"Sub category\"]}}]"}}, {"model": "admin.logentry", "pk": 204, "fields": {"action_time": "2022-06-03T11:54:47.543Z", "user": 1, "content_type": 14, "object_id": "10", "object_repr": "Nuthatch", "action_flag": 2, "change_message": "[{\"changed\": {\"fields\": [\"Category\", \"Sub category\"]}}]"}}, {"model": "admin.logentry", "pk": 205, "fields": {"action_time": "2022-06-03T11:54:55.609Z", "user": 1, "content_type": 14, "object_id": "11", "object_repr": "Robin", "action_flag": 2, "change_message": "[{\"changed\": {\"fields\": [\"Category\", \"Sub category\"]}}]"}}, {"model": "admin.logentry", "pk": 206, "fields": {"action_time": "2022-06-03T11:55:03.756Z", "user": 1, "content_type": 14, "object_id": "12", "object_repr": "Tree Creeper", "action_flag": 2, "change_message": "[{\"changed\": {\"fields\": [\"Category\", \"Sub category\"]}}]"}}, {"model": "admin.logentry", "pk": 207, "fields": {"action_time": "2022-06-03T11:55:11.910Z", "user": 1, "content_type": 14, "object_id": "13", "object_repr": "Wren", "action_flag": 2, "change_message": "[{\"changed\": {\"fields\": [\"Category\", \"Sub category\"]}}]"}}, {"model": "admin.logentry", "pk": 208, "fields": {"action_time": "2022-06-03T11:55:21.231Z", "user": 1, "content_type": 14, "object_id": "14", "object_repr": "Hedgehog", "action_flag": 2, "change_message": "[{\"changed\": {\"fields\": [\"Category\", \"Sub category\"]}}]"}}, {"model": "admin.logentry", "pk": 209, "fields": {"action_time": "2022-06-03T11:55:31.782Z", "user": 1, "content_type": 14, "object_id": "15", "object_repr": "Mouse with berries", "action_flag": 2, "change_message": "[{\"changed\": {\"fields\": [\"Category\", \"Sub category\"]}}]"}}, {"model": "admin.logentry", "pk": 210, "fields": {"action_time": "2022-06-03T11:55:42.717Z", "user": 1, "content_type": 14, "object_id": "16", "object_repr": "Mouse in corn", "action_flag": 2, "change_message": "[{\"changed\": {\"fields\": [\"Category\", \"Sub category\"]}}]"}}, {"model": "admin.logentry", "pk": 211, "fields": {"action_time": "2022-06-03T11:55:51.429Z", "user": 1, "content_type": 14, "object_id": "17", "object_repr": "Rabbit", "action_flag": 2, "change_message": "[{\"changed\": {\"fields\": [\"Category\", \"Sub category\"]}}]"}}, {"model": "admin.logentry", "pk": 212, "fields": {"action_time": "2022-06-03T11:56:00.308Z", "user": 1, "content_type": 14, "object_id": "18", "object_repr": "Red Squirrel", "action_flag": 2, "change_message": "[{\"changed\": {\"fields\": [\"Category\", \"Sub category\"]}}]"}}, {"model": "admin.logentry", "pk": 213, "fields": {"action_time": "2022-06-03T11:56:09.576Z", "user": 1, "content_type": 14, "object_id": "19", "object_repr": "Weasel", "action_flag": 2, "change_message": "[{\"changed\": {\"fields\": [\"Category\", \"Sub category\"]}}]"}}, {"model": "admin.logentry", "pk": 214, "fields": {"action_time": "2022-06-03T11:56:24.915Z", "user": 1, "content_type": 14, "object_id": "20", "object_repr": "Blue Tit (print)", "action_flag": 2, "change_message": "[{\"changed\": {\"fields\": [\"Category\", \"Sub category\"]}}]"}}, {"model": "admin.logentry", "pk": 215, "fields": {"action_time": "2022-06-03T11:56:37.624Z", "user": 1, "content_type": 14, "object_id": "21", "object_repr": "Chaffinch (print)", "action_flag": 2, "change_message": "[{\"changed\": {\"fields\": [\"Category\", \"Sub category\"]}}]"}}, {"model": "admin.logentry", "pk": 216, "fields": {"action_time": "2022-06-03T11:56:47.795Z", "user": 1, "content_type": 14, "object_id": "22", "object_repr": "Hobbit House", "action_flag": 2, "change_message": "[{\"changed\": {\"fields\": [\"Category\", \"Sub category\"]}}]"}}, {"model": "admin.logentry", "pk": 217, "fields": {"action_time": "2022-06-03T11:56:58.264Z", "user": 1, "content_type": 14, "object_id": "23", "object_repr": "Leaf of Lorien", "action_flag": 2, "change_message": "[{\"changed\": {\"fields\": [\"Category\", \"Sub category\"]}}]"}}, {"model": "admin.logentry", "pk": 218, "fields": {"action_time": "2022-06-03T11:57:09.225Z", "user": 1, "content_type": 14, "object_id": "24", "object_repr": "Rabbit (print)", "action_flag": 2, "change_message": "[{\"changed\": {\"fields\": [\"Category\", \"Sub category\"]}}]"}}, {"model": "admin.logentry", "pk": 219, "fields": {"action_time": "2022-06-03T11:57:19.889Z", "user": 1, "content_type": 14, "object_id": "25", "object_repr": "Red  Squirrel (print)", "action_flag": 2, "change_message": "[{\"changed\": {\"fields\": [\"Category\", \"Sub category\"]}}]"}}, {"model": "admin.logentry", "pk": 220, "fields": {"action_time": "2022-06-03T11:57:26.668Z", "user": 1, "content_type": 14, "object_id": "24", "object_repr": "Rabbit (print)", "action_flag": 2, "change_message": "[]"}}, {"model": "admin.logentry", "pk": 221, "fields": {"action_time": "2022-06-03T11:59:06.005Z", "user": 1, "content_type": 14, "object_id": "34", "object_repr": "Hobbit House Classic T-Shirt", "action_flag": 2, "change_message": "[{\"changed\": {\"fields\": [\"Category\"]}}]"}}, {"model": "admin.logentry", "pk": 222, "fields": {"action_time": "2022-06-05T17:10:34.672Z", "user": 1, "content_type": 14, "object_id": "32", "object_repr": "Blue Tit Classic T-Shirt", "action_flag": 2, "change_message": "[{\"changed\": {\"fields\": [\"Stock qty\"]}}]"}}, {"model": "auth.user", "pk": 1, "fields": {"password": "pbkdf2_sha256$260000$sQBQpA0I6YaQXyesttTADR$KpG7FBk8jtC8nbtjwSCVC6O3LhI0HSqs/Z4Ib49iJqs=", "last_login": "2022-06-12T19:50:06.664Z", "is_superuser": true, "username": "danbob81", "first_name": "Daniel", "last_name": "Higginson", "email": "danbobhig@gmail.com", "is_staff": true, "is_active": true, "date_joined": "2022-05-02T18:15:34Z", "groups": [], "user_permissions": []}}, {"model": "auth.user", "pk": 2, "fields": {"password": "pbkdf2_sha256$260000$PS1SYoNiDRQsQgDjfvx5GN$werzkvvTos3+L0DPb9Nf+qX2nWidKZrXv7s4eGk953Y=", "last_login": "2022-06-03T17:08:47.710Z", "is_superuser": false, "username": "testytest", "first_name": "Testy", "last_name": "Cull", "email": "test@email.com", "is_staff": false, "is_active": true, "date_joined": "2022-05-22T14:47:20Z", "groups": [], "user_permissions": []}}, {"model": "sessions.session", "pk": "0dk90rtffnv2ub8ike0u5oa45sl65r4b", "fields": {"session_data": ".eJxVjMsOgyAQRf9l1saMqFBcdt8vaBrCAFb6gEY0aWP892Liot3NnXPuXUDpeRrUnNyovIUOKih-f6TN3YUN2JsO11iaGKbRU7kp5U5TeYrWPY67-zcw6DTktjkYwbEmZqmVwrWaW9MzgdhUhjXIbYVErG-Q5URSMLJ1LWtOklsS2G6jyaXkY1Du_fLjB7qKoeSIBZBOdzdBt-yX8pN7JujOlwJMnENG2WpErqzrF7g5Tiw:1o05cJ:Y5rOC11rek1Lk7KIeoLgKcWg7P5gaRpXNJk2IFqxcx4", "expire_date": "2022-06-25T18:13:47.886Z"}}, {"model": "sessions.session", "pk": "1lak7seqzuvhj4magmfvl68is3v6udvn", "fields": {"session_data": ".eJyrVkpKLM5OLVGyqlYyUbIy1lEyMgWxM0tSc4vjkyrjizOrUkECxbmJOTlKVoa1tTpKhkAaqNAAn0IjsEqgWaZAlUD1FrW1ACKfINo:1nossQ:7i6sLj_I5kr0mgEA0a-I2Ul6kYbp5393TjP19fMSMeg", "expire_date": "2022-05-25T20:24:06.419Z"}}, {"model": "sessions.session", "pk": "224jnhasblb6c6lsxw2p0k53oea3f5qd", "fields": {"session_data": ".eJxVjEEOgyAURO_CuiFfUCguu-8ZCJ-PldqAEU3aGO9eTdy4nJk3b2XoyhBm1q7bjVm3zL1dSphsJNayil06dH4I6Rjo7dIrc5_TPEXkB8LPtfBnpvB5nOxF0LvS729_91qBREHYGB0ap8h3QgPUlRc1KKoAUXQ1iD2h0QJJSiMVGkWooTmkJZQSc7LhO8bpx1rY_pxLQoA:1npBvr:IpGl-jVE3lq6lTINm4tLvdeDmvJ5HRJn_aoonLg5oFc", "expire_date": "2022-05-26T16:44:55.163Z"}}, {"model": "sessions.session", "pk": "3wvxloskzf2eekbulwxufne9ucwca0xs", "fields": {"session_data": ".eJxVjEEOwiAQRe_C2hBoQZku3XsGMjOARQ2Y0iYa4921SRe6_e_99xIel3n0S4uTz0EMQovd70bI11hWEC5YzlVyLfOUSa6K3GiTpxri7bi5f4ER2_h994HBaUjkkJIjwKSJbcSuJ9KceoPQHxIoa5zhjoNNaR8MAwTlQLFdoy22lmvx8XHP01MM6v0BzzRAEg:1nlbEg:3gy4HuDQs8KateRb32kmOENV7LGNKpq4OYwp_8x2T0o", "expire_date": "2022-05-16T18:57:30.030Z"}}, {"model": "sessions.session", "pk": "4nbpyx7cz27i8ybirw1exdct60xyv0ty", "fields": {"session_data": "eyJiYXNrZXQiOnsiMiI6MX19:1nslJD:GqhqCEFCaRx5Htrrp7Pqnsd3O03Za_PfoMeD2g252Kg", "expire_date": "2022-06-05T13:07:47.214Z"}}, {"model": "sessions.session", "pk": "5c1xzfa7pyjb04ok0rzf5rcgp397a12q", "fields": {"session_data": ".eJxVjMEOgjAQRP9lz4QsLbSWo3e_oem2i1RNaygYDfHfhcSDniYz82ZWsG6ZR7sUnmwM0EMD1W9Gzl857UW4uHTOtc9pniLVO1J_21KfcuDb8cv-HYyujNvaH7xWKEkE6ozmzqngB6ER28aLFlVokEgMLYrNkdGCgpRGKjIqkMZuPy1cSszJ8vMepxf0jUCjECso7sE2piFDP08LV0CuXHmGfgUhN64Cedjk_f4Ad0RMMA:1nwkf9:0o0VK_1OigcO8HJJFXhGqutyWh5q5S8dhYvF5XhDIW4", "expire_date": "2022-06-16T13:14:55.692Z"}}, {"model": "sessions.session", "pk": "735g791nlstuhs5595ub1ghgysmmqi84", "fields": {"session_data": ".eJxVjM0OgyAQhN9lz4bwo1A49t5nICyLlbbRRjRpY3z3auPFy2Rn5ttZAEN5pgncAgKcqED9VYJT271HawU-zFPn55JGnwncRp4yDPGZ-r2gR-jvA4tDP40Z2Y6woy3sNlB6XQ_2NNCF0m3f8RKN5golYWNNaoKm2ErDeS2irLkmwRFlW3O5ObRGIilllUarCQ1v9tGSSslD79PnnccvOL7-AFwFRrw:1not10:hJEJpm4_8UaOTA9K8i7IkWhKZcwdqY54riWwUpAUXMw", "expire_date": "2022-05-25T20:32:58.858Z"}}, {"model": "sessions.session", "pk": "88cszi752le9r52fhar8ypyeuw54zlrl", "fields": {"session_data": ".eJxVjEEOwiAURO_C2pAPtCBduvcMhM-nghowpU00xrvbJl3ocmbevDdzfpmTW1qcXCY2MMEOvx36cItlG-jqy6XyUMs8ZeQbwve18XOleD_t7J8g-ZbWdzgGo0GhJOytib3XFEZpADoRZAeaBCDKsQO5JrRGIilllUarCQ30m7TF1nItLj4feXqxAT5fbuc-ZA:1nnMnu:vNEbCQCovoXZskxm4duyqMehlHdbBD6j3Xcl6RD4UTE", "expire_date": "2022-05-21T15:57:10.592Z"}}, {"model": "sessions.session", "pk": "926zodhmfqk30317ldgaowj5zzp8czho", "fields": {"session_data": "eyJiYXNrZXQiOnsiMSI6MTIsIjQiOjQsIjIyIjp7Iml0ZW1zX2J5X3NpemUiOnsic21hbGwiOjJ9fX19:1np5Jy:C_9rFJZW8FiRJD2hoHt1w7Dm93YnjD-uaZjSD_LPJ3M", "expire_date": "2022-05-26T09:41:22.277Z"}}, {"model": "sessions.session", "pk": "bznh1aivrourdya0005ntof61q24kcaf", "fields": {"session_data": "e30:1nsmdK:LbE_zqS-fP-TixspdG1LIaIyAFGr_XxjVBmV-54-8JQ", "expire_date": "2022-06-05T14:32:38.068Z"}}, {"model": "sessions.session", "pk": "ccqv64u25di1rboqrcdj3buyu68gp5vf", "fields": {"session_data": "eyJiYXNrZXQiOnsiMyI6MSwiMzIiOnsiaXRlbXNfYnlfc2l6ZSI6eyJtZWRpdW0iOjF9fX19:1o0Kv3:l1S2w-UXomVckGBg35PF6a57Mqy1GU_OLrVZJ3TCvZI", "expire_date": "2022-06-26T10:34:09.610Z"}}, {"model": "sessions.session", "pk": "d8pqjrq96z1cyaelbn4evjy1v3o0ugch", "fields": {"session_data": ".eJxVjEEOgyAURO_C2pAPKhSX3fcMhM_HSm2gEU3aGO9eTVy0y5l581Zm3TIPdilhspFYxwSrfjt0fgzpGOjh0j1zn9M8ReQHws-18Fum8Lye7J9gcGXY3_7itYIaJWFrdGidIt9LDdAILxtQJABR9g3IPaHREqmuTa3QKEIN7SEtoZSYkw3vV5w-rBMSjAKoGLoyhpl167Z9AfnTQ7I:1nxTHO:Zkuflef97_nqD780BGPWqN0GeFEM4tAUvjtcGDerFmA", "expire_date": "2022-06-18T12:53:22.421Z"}}, {"model": "sessions.session", "pk": "eqkgbf4c8hvenxhom2cv68vql4qftzm7", "fields": {"session_data": "e30:1nsmly:ed5OmeBOGKhm7ha5_3As996gnp8n8Bg34PWNKk9V8lU", "expire_date": "2022-06-05T14:41:34.815Z"}}, {"model": "sessions.session", "pk": "jzny4fxsjve1ae6wy6ssbkpecqkwbud6", "fields": {"session_data": ".eJx9kM1qwzAQhN9lz8asV7YU6dh7n0FoJaVW459iOdA0-N0rlVwCoZeF2flmWPYO7PIl7mDu0IGRfQOCqkh7nLPlm83pJ9bFDKZrYCrzOBqg7iWUZzdV5KT_IPwPEqIyohSJBiQYVYR8HQBDR4Wtu-6jvea42RTAlIufduz8JS7VCJ9u-Vhbvy77lritSPtwc_u-hji9PdingtHlsaT9ySuJginwoFUcnAz-TAqx7zz1KEOHzHTukYpirYiDEFpI1jKwwqGW5phzWhcbv7_SdisvIdQS8fgFsgt0qg:1nosZr:cJTYGFtYnIgPew0GcgiIDw2Gh0yPUwUOK1aWEWdJI1w", "expire_date": "2022-05-25T20:04:55.668Z"}}, {"model": "sessions.session", "pk": "lvcry4wtdnr3v48pq375971z1jnqo5nx", "fields": {"session_data": ".eJxVjEEOgyAURO_y1w35oEJh2X3PQPiAlbaBRjRpY7x7NXHjcmbevAXI1VecwCwgJBi-XsC6eRrsXONoUwADHE4dOf-KeR_C0-VHYb7kaUzEdoQda2X3EuL7drAnweDqsL391SuJDYlAnVaxczL4XijElnvRogwciUTfotgSaSUoNI1uJGkZSGG3S2usNZVs4_eTxh8YXP-I3UOX:1nqKUr:-MrdI-Cx5lhVXx6kKknUynik33-mRyq22DPdksV1gtE", "expire_date": "2022-05-29T20:05:45.318Z"}}, {"model": "sessions.session", "pk": "nr4k88cdmh7kjkwx2ttyjhj3t1gfw7sw", "fields": {"session_data": "eyJiYXNrZXQiOnsiYmFza2V0X2l0ZW1zIjpbXSwiY291bnQiOjAsIjMiOjF9fQ:1o05gZ:jRlIHbj1HCMQAJsWsJrnbnWghgRLzY3K18Ce6GYxP1w", "expire_date": "2022-06-25T18:18:11.626Z"}}, {"model": "sessions.session", "pk": "oqyg27xyfr0uy1tsfj5tu97ohh7o7d4j", "fields": {"session_data": ".eJxVjMEOgjAQRP9lz4QsBVrL0bvf0HTbRaqmNRSMhvDvQsJBjzPz5i1g7DwNZs48muChgwqK346su3PcB3-z8ZpKl-I0Bip3pDzWXF6S58f5YP8Eg83D9nYnpyTWJDy1WnFrpXe9UIhN5USD0ldIJPoGxZZIK0G-rnUtSUtPCttdmjnnkKLh9zOMH-gqgVoiFpDti02IfYJuGmcugGy-8wTdsq5frxVJ1g:1nyJaH:bQt-IsYbrF3A05hAFlw6Mb9ps7tLD6jTiV91CjdkfMk", "expire_date": "2022-06-20T20:44:21.644Z"}}, {"model": "sessions.session", "pk": "pzce7wl0oaqcihqtxl7mdr9woojpc60x", "fields": {"session_data": ".eJxVjEEOgyAURO_CuiEfVCgsu-8ZCJ-PlbaBRjRpY7x7NXHjct6bmYWhr684MbswwaxYL8z5eRrcXOPoEjG74RNDH14x74KePj8KDyVPY0K-V_hhK78Xiu_b0T0dDL4O2zpcg1bQoCTsjI6dVxR6qQFaEWQLigQgyr4FuSU0WiI1jWkUGkWoodtPa6w1lezi95PGH7Ow_gFafkNg:1npzxN:69KyFMlHHCdRKmpX9R4YPiXe01u0894NZUwB_NyFmwQ", "expire_date": "2022-05-28T22:09:49.664Z"}}, {"model": "sessions.session", "pk": "tpyc4lppffhekau2t6kamx6wbi90ha7y", "fields": {"session_data": ".eJxVj8GOwjAMRP_F56pykzbZ9Lj3_YYoTsw2C7SoLtIC4t9JEAfwYSS_GY_kG_hw3iZ_Fl59TjBCB807oxD3PFcj_YX5d2njMm9rprZG2pcr7c-S-PD9yn4UTEGmch2_ojWoSSUanOUhmBR3yiL2XVQ9mtQhkdr1qMpGzipKWjttyJlEFodaKiySl9nz_ymvFxg7hc4gNkBB9rzBeANtC27KE1V7GFUDWlUjb3wUTxcv-coVHJ6RY9F7mQfX-FI9:1nommP:458TMX8AdysdZHXcLQrvfyoa8pSh-9eCy2yZ3tbXPps", "expire_date": "2022-05-25T13:53:29.379Z"}}, {"model": "sessions.session", "pk": "yl7d8wpgsoj4adp8z1y2nm7owkowb2io", "fields": {"session_data": ".eJxVjEEOgyAURO_y14Z8QKG47L5nIHzASm2wEU3aGO9eTVy0y3lvZlawbpl7u5Q42RSgBQ7VLyPnh5gPER4u30fmxzxPidhRYact7DaG-Lye3b-D3pV-X_uL1woliUCN0bFxKvhOaMSae1GjChyJRFej2BMZLShIaaQiowJpbI7TEktJY7bx_UrTB1ou0CjECsiVIc7QriB3um1fS85ElA:1o0TcY:wwF2qRXy3oESAlmMH8AOTG7tsM3-TdFNAwOJ3HmkquE", "expire_date": "2022-06-26T19:51:38.616Z"}}, {"model": "sessions.session", "pk": "yr83zlkfxdcz0otqx1ktqpjm6x31pepe", "fields": {"session_data": ".eJxVjEEOwiAURO_CuiEf2oJ06d4zED4fLGrAlNZojHe3TbrQ5cy8eW9m3TKPdqlhsonYwARrfjt0_hryNtDF5XPhvuR5Ssg3hO9r5adC4Xbc2T_B6Oq4vv3BawUtSsLe6NA7RT5KDdAJLztQJABRxg7kmtBoidS2plVoFKGGfpPWUGsq2YbnPU0vNggJRgE0rLpHsCnHwobobjV8vpjBRgU:1nssX6:Wb6fDmWIQPO0Ne3fKG8dA__2Px9uNgY5SbjKOVJrGzk", "expire_date": "2022-06-05T20:50:36.181Z"}}, {"model": "sites.site", "pk": 1, "fields": {"domain": "artshop.example.com", "name": "Art Shop"}}, {"model": "account.emailaddress", "pk": 2, "fields": {"user": 1, "email": "danbobhig@gmail.com", "verified": true, "primary": true}}, {"model": "account.emailaddress", "pk": 3, "fields": {"user": 2, "email": "test@email.com", "verified": true, "primary": true}}, {"model": "products.category", "pk": 12, "fields": {"name": "originals", "friendly_name": "Originals"}}, {"model": "products.category", "pk": 13, "fields": {"name": "prints", "friendly_name": "Prints"}}, {"model": "products.category", "pk": 14, "fields": {"name": "merch", "friendly_name": "Merchandise"}}, {"model": "products.subcategory", "pk": 1, "fields": {"name": "british_birds", "friendly_name": "British Birds Collection"}}, {"model": "products.subcategory", "pk": 2, "fields": {"name": "british_mammals", "friendly_name": "British Mammals Collection"}}, {"model": "products.subcategory", "pk": 3, "fields": {"name": "fantasy", "friendly_name": "Fantasy Collection"}}, {"model": "products.product", "pk": 2, "fields": {"category": 12, "sub_category": 1, "sku": "OP002BT", "name": "Bearded Tit", "description": "Bearded Tit painted in watercolour.\r\n\r\nThis is painted on A5 size 100% cotton, acid-free, cold-pressed, 300gsm, archival watercolour paper by Saunders Waterford. \r\n\r\nI use professional quality paints that are lightfast tested. \r\n\r\nItem is not framed.", "has_sizes": false, "stock_qty": 0, "price": "75.00", "image": "bearded_tit.jpg"}}, {"model": "products.product", "pk": 3, "fields": {"category": 12, "sub_category": 1, "sku": "OP003BF", "name": "Bullfinch", "description": "Bullfinch painted in watercolour.\r\n\r\nThis is painted on A5 size 100% cotton, acid-free, cold-pressed, 300gsm, archival watercolour paper by Saunders Waterford. \r\n\r\nI use professional quality paints that are lightfast tested. \r\n\r\nItem is not framed.", "has_sizes": false, "stock_qty": 1, "price": "75.00", "image": "bullfinch.jpg"}}, {"model": "products.product", "pk": 4, "fields": {"category": 12, "sub_category": 1, "sku": "OP004CT", "name": "Crested Tit", "description": "Crested Tit painted in watercolour.\r\n\r\nThis is painted on A5 size 100% cotton, acid-free, cold-pressed, 300gsm, archival watercolour paper by Saunders Waterford. \r\n\r\nI use professional quality paints that are lightfast tested. \r\n\r\nItem is not framed.", "has_sizes": false, "stock_qty": 0, "price": "75.00", "image": "crested_tit.jpg"}}, {"model": "products.product", "pk": 5, "fields": {"category": 12, "sub_category": 1, "sku": "OP005CH", "name": "Chaffinch", "description": "Chaffinch painted in watercolour.\r\n\r\nThis is painted on A5 size 100% cotton, acid-free, cold-pressed, 300gsm, archival watercolour paper by Saunders Waterford. \r\n\r\nI use professional quality paints that are lightfast tested. \r\n\r\nItem is not framed.", "has_sizes": false, "stock_qty": 1, "price": "75.00", "image": "chaffinch.jpg"}}, {"model": "products.product", "pk": 6, "fields": {"category": 12, "sub_category": 1, "sku": "OP006GC", "name": "Gold Crest", "description": "Goldcrest painted in watercolour.\r\n\r\nThis is painted on A5 size 100% cotton, acid-free, cold-pressed, 300gsm, archival watercolour paper by Saunders Waterford. \r\n\r\nI use professional quality paints that are lightfast tested. \r\n\r\nItem is not framed.", "has_sizes": false, "stock_qty": 1, "price": "75.00", "image": "gold_crest.jpg"}}, {"model": "products.product", "pk": 7, "fields": {"category": 12, "sub_category": 1, "sku": "OP007GC", "name": "Gold Crest (wings up)", "description": "Goldcrest painted in watercolour.\r\n\r\nThis is painted on A5 size 100% cotton, acid-free, cold-pressed, 300gsm, archival watercolour paper by Saunders Waterford. \r\n\r\nI use professional quality paints that are lightfast tested. \r\n\r\nItem is not framed.", "has_sizes": false, "stock_qty": 1, "price": "75.00", "image": "gold_crest2.jpg"}}, {"model": "products.product", "pk": 8, "fields": {"category": 12, "sub_category": 1, "sku": "OP008GF", "name": "Goldfinch", "description": "Goldfinch painted in watercolour.\r\n\r\nThis is painted on A5 size 100% cotton, acid-free, cold-pressed, 300gsm, archival watercolour paper by Saunders Waterford. \r\n\r\nI use professional quality paints that are lightfast tested. \r\n\r\nItem is not framed.", "has_sizes": false, "stock_qty": 1, "price": "75.00", "image": "goldfinch.jpg"}}, {"model": "products.product", "pk": 9, "fields": {"category": 12, "sub_category": 1, "sku": "OP009LT", "name": "Long Tailed Tit", "description": "Long Tailed Tit painted in watercolour.\r\n\r\nThis is painted on A5 size 100% cotton, acid-free, cold-pressed, 300gsm, archival watercolour paper by Saunders Waterford. \r\n\r\nI use professional quality paints that are lightfast tested. \r\n\r\nItem is not framed.", "has_sizes": false, "stock_qty": 1, "price": "75.00", "image": "long_tail_tit.jpg"}}, {"model": "products.product", "pk": 10, "fields": {"category": 12, "sub_category": 1, "sku": "OP010NH", "name": "Nuthatch", "description": "Nuthatch painted in watercolour.\r\n\r\nThis is painted on A5 size 100% cotton, acid-free, cold-pressed, 300gsm, archival watercolour paper by Saunders Waterford. \r\n\r\nI use professional quality paints that are lightfast tested. \r\n\r\nItem is not framed.", "has_sizes": false, "stock_qty": 1, "price": "75.00", "image": "nuthatch.jpg"}}, {"model": "products.product", "pk": 11, "fields": {"category": 12, "sub_category": 1, "sku": "OP011RO", "name": "Robin", "description": "Robin painted in watercolour.\r\n\r\nThis is painted on A5 size 100% cotton, acid-free, cold-pressed, 300gsm, archival watercolour paper by Saunders Waterford. \r\n\r\nI use professional quality paints that are lightfast tested. \r\n\r\nItem is not framed.", "has_sizes": false, "stock_qty": 1, "price": "75.00", "image": "robin.jpg"}}, {"model": "products.product", "pk": 12, "fields": {"category": 12, "sub_category": 1, "sku": "OP012TC", "name": "Tree Creeper", "description": "Tree Creeper painted in watercolour.\r\n\r\nThis is painted on A5 size 100% cotton, acid-free, cold-pressed, 300gsm, archival watercolour paper by Saunders Waterford. \r\n\r\nI use professional quality paints that are lightfast tested. \r\n\r\nItem is not framed.", "has_sizes": false, "stock_qty": 1, "price": "75.00", "image": "tree_creeper.jpg"}}, {"model": "products.product", "pk": 13, "fields": {"category": 12, "sub_category": 1, "sku": "OP013WR", "name": "Wren", "description": "Wren painted in watercolour.\r\n\r\nThis is painted on A5 size 100% cotton, acid-free, cold-pressed, 300gsm, archival watercolour paper by Saunders Waterford. \r\n\r\nI use professional quality paints that are lightfast tested. \r\n\r\nItem is not framed.", "has_sizes": false, "stock_qty": 1, "price": "75.00", "image": "wren.jpg"}}, {"model": "products.product", "pk": 14, "fields": {"category": 12, "sub_category": 2, "sku": "OP014HH", "name": "Hedgehog", "description": "Hedgehog painted in watercolour.\r\n\r\nThis is painted on A5 size 100% cotton, acid-free, cold-pressed, 300gsm, archival watercolour paper by Saunders Waterford. \r\n\r\nI use professional quality paints that are lightfast tested. \r\n\r\nItem is not framed.", "has_sizes": false, "stock_qty": 1, "price": "75.00", "image": "hedgehog.jpg"}}, {"model": "products.product", "pk": 15, "fields": {"category": 12, "sub_category": 2, "sku": "OP015MB", "name": "Mouse with berries", "description": "Mouse painted in watercolour.\r\n\r\nThis is painted on A5 size 100% cotton, acid-free, cold-pressed, 300gsm, archival watercolour paper by Saunders Waterford. \r\n\r\nI use professional quality paints that are lightfast tested. \r\n\r\nItem is not framed.", "has_sizes": false, "stock_qty": 1, "price": "75.00", "image": "mouse_berries.jpg"}}, {"model": "products.product", "pk": 16, "fields": {"category": 12, "sub_category": 2, "sku": "OP016MC", "name": "Mouse in corn", "description": "Mouse in corn painted in watercolour.\r\n\r\nThis is painted on A5 size 100% cotton, acid-free, cold-pressed, 300gsm, archival watercolour paper by Saunders Waterford. \r\n\r\nI use professional quality paints that are lightfast tested. \r\n\r\nItem is not framed.", "has_sizes": false, "stock_qty": 1, "price": "75.00", "image": "mouse_corn.jpg"}}, {"model": "products.product", "pk": 17, "fields": {"category": 12, "sub_category": 2, "sku": "OP017RA", "name": "Rabbit", "description": "Rabbit painted in watercolour.\r\n\r\nThis is painted on A5 size 100% cotton, acid-free, cold-pressed, 300gsm, archival watercolour paper by Saunders Waterford. \r\n\r\nI use professional quality paints that are lightfast tested. \r\n\r\nItem is not framed.", "has_sizes": false, "stock_qty": 1, "price": "75.00", "image": "rabbit.jpg"}}, {"model": "products.product", "pk": 18, "fields": {"category": 12, "sub_category": 2, "sku": "OP018SQ", "name": "Red Squirrel", "description": "Red Squirrel painted in watercolour.\r\nThis is painted on A5 size 100% cotton, acid-free, cold-pressed, 300gsm, archival watercolour paper by Saunders Waterford. I use professional quality paints that are lightfast tested. It is not framed", "has_sizes": false, "stock_qty": 1, "price": "75.00", "image": "squirrel.jpg"}}, {"model": "products.product", "pk": 19, "fields": {"category": 12, "sub_category": 2, "sku": "OP019WE", "name": "Weasel", "description": "Weasel painted in watercolour.\r\n\r\nThis is painted on A5 size 100% cotton, acid-free, cold-pressed, 300gsm, archival watercolour paper by Saunders Waterford. \r\n\r\nI use professional quality paints that are lightfast tested. \r\n\r\nItem is not framed.", "has_sizes": false, "stock_qty": 1, "price": "75.00", "image": "weasel.jpg"}}, {"model": "products.product", "pk": 20, "fields": {"category": 13, "sub_category": 1, "sku": "PB0001BT", "name": "Blue Tit (print)", "description": "A cute Bluetit perched on a twig.\r\nGallery-grade print on high-quality paper, this is the real deal.\r\nLightly textured 100% cotton paper.\r\nCustom sizes, based on artwork dimensions. \r\nDimensions include a 1 - 2 inch (2.5 - 5.0cm) white border to assist in framing.\r\nLarge prints shipped in tubes, small & medium prints in protective flat mailers.", "has_sizes": false, "stock_qty": 3, "price": "24.99", "image": "bluetit_print_382a3lf.png"}}, {"model": "products.product", "pk": 21, "fields": {"category": 13, "sub_category": 1, "sku": "PB0002CH", "name": "Chaffinch (print)", "description": "Gallery-grade print on high-quality paper, this is the real deal.\r\nLightly textured 100% cotton paper.\r\nCustom sizes, based on artwork dimensions. \r\nDimensions include a 1 - 2 inch (2.5 - 5.0cm) white border to assist in framing.\r\nLarge prints shipped in tubes, small & medium prints in protective flat mailers.", "has_sizes": false, "stock_qty": 0, "price": "24.99", "image": "chaffinch_print_3Ikisae.png"}}, {"model": "products.product", "pk": 22, "fields": {"category": 13, "sub_category": 3, "sku": "PF0001HH", "name": "Hobbit House", "description": "Samwise Gamji's house from Lord  Of The Rings.\r\nGallery-grade print on high-quality paper, this is the real deal.\r\nLightly textured 100% cotton paper.\r\nCustom sizes, based on artwork dimensions. \r\nDimensions include a 1 - 2 inch (2.5 - 5.0cm) white border to assist in framing.\r\nLarge prints shipped in tubes, small & medium prints in protective flat mailers.", "has_sizes": false, "stock_qty": 8, "price": "24.99", "image": "hobbit_print1_XCfu51A.png"}}, {"model": "products.product", "pk": 23, "fields": {"category": 13, "sub_category": 3, "sku": "PF0002LL", "name": "Leaf of Lorien", "description": "The Leaf of Lorien from Lord Of The Rings.\r\nGallery-grade print on high-quality paper, this is the real deal.\r\nLightly textured 100% cotton paper.\r\nCustom sizes, based on artwork dimensions. \r\nDimensions include a 1 - 2 inch (2.5 - 5.0cm) white border to assist in framing.\r\nLarge prints shipped in tubes, small & medium prints in protective flat mailers.", "has_sizes": false, "stock_qty": 1, "price": "24.99", "image": "leaf_print_lyJ47ny.png"}}, {"model": "products.product", "pk": 24, "fields": {"category": 13, "sub_category": 2, "sku": "PM0001RA", "name": "Rabbit (print)", "description": "Cute bunny rabbit. \r\nGallery-grade print on high-quality paper, this is the real deal.\r\nLightly textured 100% cotton paper.\r\nCustom sizes, based on artwork dimensions. \r\nDimensions include a 1 - 2 inch (2.5 - 5.0cm) white border to assist in framing.\r\nLarge prints shipped in tubes, small & medium prints in protective flat mailers.", "has_sizes": false, "stock_qty": 1, "price": "24.99", "image": "rabbit_print_bqiezUh.png"}}, {"model": "products.product", "pk": 25, "fields": {"category": 13, "sub_category": 2, "sku": "PM0002RS", "name": "Red  Squirrel (print)", "description": "A cheeky red squirrel.\r\nGallery-grade print on high-quality paper, this is the real deal.\r\nLightly textured 100% cotton paper.\r\nCustom sizes, based on artwork dimensions. \r\nDimensions include a 1 - 2 inch (2.5 - 5.0cm) white border to assist in framing.\r\nLarge prints shipped in tubes, small & medium prints in protective flat mailers.", "has_sizes": false, "stock_qty": 1, "price": "24.99", "image": "squirrel_print_djSWw35.png"}}, {"model": "products.product", "pk": 26, "fields": {"category": 14, "sub_category": 1, "sku": "CB0001BT", "name": "Blue Tit Clock", "description": "It's always art o'clock when your clock is a work of art.\r\nPrinted polypropylene face made for you when you order.\r\nMetal hands.\r\nBamboo wood frame in natural finish.\r\nQuartz clock mechanism for accurate timekeeping.\r\nClear plexiglass lens.\r\nBuilt-in rear hook, ready to hang.\r\nAA battery not included.", "has_sizes": false, "stock_qty": 0, "price": "19.99", "image": "bluetit_clock_QUuBX8K.png"}}, {"model": "products.product", "pk": 27, "fields": {"category": 14, "sub_category": 1, "sku": "CB0002CH", "name": "Chaffinch Clock", "description": "It's always art o'clock when your clock is a work of art.\r\nPrinted polypropylene face made for you when you order.\r\nMetal hands.\r\nBamboo wood frame in natural finish.\r\nQuartz clock mechanism for accurate timekeeping.\r\nClear plexiglass lens.\r\nBuilt-in rear hook, ready to hang.\r\nAA battery not included.", "has_sizes": false, "stock_qty": 1, "price": "19.99", "image": "chaffinch_clock_g66w52G.png"}}, {"model": "products.product", "pk": 28, "fields": {"category": 14, "sub_category": 3, "sku": "CF0001HH", "name": "Hobbit House Clock", "description": "It's always art o'clock when your clock is a work of art.\r\nPrinted polypropylene face made for you when you order.\r\nMetal hands.\r\nBamboo wood frame in white.\r\nQuartz clock mechanism for accurate timekeeping.\r\nClear plexiglass lens.\r\nBuilt-in rear hook, ready to hang.\r\nAA battery not included.", "has_sizes": false, "stock_qty": 7, "price": "19.99", "image": "hobbit_clock_Vmwf5uF.png"}}, {"model": "products.product", "pk": 29, "fields": {"category": 14, "sub_category": 2, "sku": "CM0001RA", "name": "Rabbit Clock", "description": "It's always art o'clock when your clock is a work of art.\r\nPrinted polypropylene face made for you when you order.\r\nMetal hands.\r\nBamboo wood frame in white.\r\nQuartz clock mechanism for accurate timekeeping.\r\nClear plexiglass lens.\r\nBuilt-in rear hook, ready to hang.\r\nAA battery not included.", "has_sizes": false, "stock_qty": 1, "price": "19.99", "image": "rabbit_clock_ZMg0S78.png"}}, {"model": "products.product", "pk": 30, "fields": {"category": 14, "sub_category": 1, "sku": "CB0003RO", "name": "Robin Clock", "description": "It's always art o'clock when your clock is a work of art.\r\nPrinted polypropylene face made for you when you order.\r\nMetal hands.\r\nBamboo wood frame in natural finish.\r\nQuartz clock mechanism for accurate timekeeping.\r\nClear plexiglass lens.\r\nBuilt-in rear hook, ready to hang.\r\nAA battery not included.", "has_sizes": false, "stock_qty": 1, "price": "19.99", "image": "robin_clock_K3XX6f8.png"}}, {"model": "products.product", "pk": 31, "fields": {"category": 14, "sub_category": 2, "sku": "CM0002RS", "name": "Red Squirrel Clock", "description": "It's always art o'clock when your clock is a work of art.\r\nPrinted polypropylene face made for you when you order.\r\nMetal hands.\r\nBamboo wood frame in white.\r\nQuartz clock mechanism for accurate timekeeping.\r\nClear plexiglass lens.\r\nBuilt-in rear hook, ready to hang.\r\nAA battery not included.", "has_sizes": false, "stock_qty": 1, "price": "19.99", "image": "squirrel_clock_oSQMJNW.png"}}, {"model": "products.product", "pk": 32, "fields": {"category": 14, "sub_category": 1, "sku": "BT0001BT", "name": "Blue Tit Classic T-Shirt", "description": "The standard, traditional t-shirt for everyday wear.\r\nClassic, generous, boxy fit.\r\nMale model shown is 6'0\" / 183 cm tall and wearing size Medium.\r\nFemale model shown is 5'8\" / 173 cm tall and wearing size Small.\r\nHeavyweight 5.3 oz / 180 gsm fabric, 100% preshrunk cotton.\r\nDouble-needle hems and neck band for durability.", "has_sizes": true, "stock_qty": 1, "price": "19.99", "image": "bluetit_shirt2_EercKOT.png"}}, {"model": "products.product", "pk": 33, "fields": {"category": 14, "sub_category": 1, "sku": "BT0002CH", "name": "Chaffinch Classic T-Shirt", "description": "The standard, traditional t-shirt for everyday wear.\r\nClassic, generous, boxy fit.\r\nMale model shown is 6'0\" / 183 cm tall and wearing size Medium.\r\nFemale model shown is 5'8\" / 173 cm tall and wearing size Small.\r\nHeavyweight 5.3 oz / 180 gsm fabric, 100% preshrunk cotton.\r\nDouble-needle hems and neck band for durability.", "has_sizes": true, "stock_qty": 10, "price": "19.99", "image": "chaffinch_shirt2_4qytFmJ.png"}}, {"model": "products.product", "pk": 34, "fields": {"category": 14, "sub_category": 3, "sku": "FT0001HH", "name": "Hobbit House Classic T-Shirt", "description": "The standard, traditional t-shirt for everyday wear.\r\nClassic, generous, boxy fit.\r\nMale model shown is 6'0\" / 183 cm tall and wearing size Medium.\r\nFemale model shown is 5'8\" / 173 cm tall and wearing size Small.\r\nHeavyweight 5.3 oz / 180 gsm fabric, 100% preshrunk cotton.\r\nDouble-needle hems and neck band for durability.", "has_sizes": true, "stock_qty": 1, "price": "19.99", "image": "hobbit_shirt2_8cobsBh.png"}}, {"model": "products.product", "pk": 35, "fields": {"category": 14, "sub_category": 3, "sku": "FT0002LL", "name": "Leaf of Lorien Classic T-Shirt", "description": "The standard, traditional t-shirt for everyday wear.\r\nClassic, generous, boxy fit.\r\nMale model shown is 6'0\" / 183 cm tall and wearing size Medium.\r\nFemale model shown is 5'8\" / 173 cm tall and wearing size Small.\r\nHeavyweight 5.3 oz / 180 gsm fabric, 100% preshrunk cotton.\r\nDouble-needle hems and neck band for durability.", "has_sizes": true, "stock_qty": 1, "price": "19.99", "image": "leaf_shirt2_yjvFjdn.png"}}, {"model": "products.product", "pk": 36, "fields": {"category": 14, "sub_category": 2, "sku": "MT0001RA", "name": "Rabbit Classic T-Shirt", "description": "The standard, traditional t-shirt for everyday wear.\r\nClassic, generous, boxy fit.\r\nMale model shown is 6'0\" / 183 cm tall and wearing size Medium.\r\nFemale model shown is 5'8\" / 173 cm tall and wearing size Small.\r\nHeavyweight 5.3 oz / 180 gsm fabric, 100% preshrunk cotton.\r\nDouble-needle hems and neck band for durability.", "has_sizes": true, "stock_qty": 1, "price": "19.99", "image": "rabbit_shirt2_NC0IXH7.png"}}, {"model": "products.product", "pk": 37, "fields": {"category": 14, "sub_category": 1, "sku": "BT0003RO", "name": "Robin Classic T-Shirt", "description": "The standard, traditional t-shirt for everyday wear.\r\nClassic, generous, boxy fit.\r\nMale model shown is 6'0\" / 183 cm tall and wearing size Medium.\r\nFemale model shown is 5'8\" / 173 cm tall and wearing size Small.\r\nHeavyweight 5.3 oz / 180 gsm fabric, 100% preshrunk cotton.\r\nDouble-needle hems and neck band for durability.", "has_sizes": true, "stock_qty": 1, "price": "19.99", "image": "robin_shirt2_jLuX7U5.png"}}, {"model": "products.product", "pk": 47, "fields": {"category": 12, "sub_category": 1, "sku": "OP001BT", "name": "Blue Tit", "description": "Blue Tit painted in watercolour. This is painted on A5 size 100% cotton, acid-free, cold-pressed, 300gsm, archival watercolour paper by Saunders Waterford. I use professional quality paints that are lightfast tested. Item is not framed.", "has_sizes": false, "stock_qty": 1, "price": "75.00", "image": "bluetit_xtKbVm5.jpg"}}, {"model": "checkout.order", "pk": 16, "fields": {"order_number": "3474D579B43C4343978C45A963EE1145", "user_profile": null, "full_name": "Test", "email": "test@email.com", "phone_number": "0100000000", "street_address1": "there", "street_address2": null, "town_or_city": "there", "county": "This one", "postcode": "TA4RD15", "country": "AT", "date": "2022-05-17T13:17:44.883Z", "sub_total": "75.00", "delivery": "7.50", "grand_total": "82.50", "original_basket": "", "stripe_pid": ""}}, {"model": "checkout.order", "pk": 17, "fields": {"order_number": "8DC0FB6E95B34C57B1D65DBF6B6901A7", "user_profile": null, "full_name": "Test", "email": "test@email.com", "phone_number": "0100000000", "street_address1": "there", "street_address2": null, "town_or_city": "there", "county": "This one", "postcode": "TA4RD15", "country": "AU", "date": "2022-05-17T13:21:22.640Z", "sub_total": "75.00", "delivery": "7.50", "grand_total": "82.50", "original_basket": "", "stripe_pid": ""}}, {"model": "checkout.order", "pk": 18, "fields": {"order_number": "2E765CBD04DE436986E047E429003C62", "user_profile": null, "full_name": "Test", "email": "test@email.com", "phone_number": "0100000000", "street_address1": "there", "street_address2": null, "town_or_city": "there", "county": "This one", "postcode": "TA4RD15", "country": "AW", "date": "2022-05-18T09:14:42.374Z", "sub_total": "24.99", "delivery": "2.50", "grand_total": "27.49", "original_basket": "", "stripe_pid": ""}}, {"model": "checkout.order", "pk": 19, "fields": {"order_number": "547DC5AAC56643C69F6395114928699E", "user_profile": null, "full_name": "Test", "email": "test@email.com", "phone_number": "0100000000", "street_address1": "there", "street_address2": null, "town_or_city": "there", "county": "This one", "postcode": "TA4RD15", "country": "GB", "date": "2022-05-18T17:51:44.086Z", "sub_total": "99.99", "delivery": "10.00", "grand_total": "109.99", "original_basket": "", "stripe_pid": ""}}, {"model": "checkout.order", "pk": 20, "fields": {"order_number": "32428F40D6084AA5A5153CA98F993736", "user_profile": null, "full_name": "Test", "email": "test@email.com", "phone_number": "0100000000", "street_address1": "there", "street_address2": null, "town_or_city": "there", "county": "This one", "postcode": "TA4RD15", "country": "GB", "date": "2022-05-19T08:42:16.969Z", "sub_total": "49.98", "delivery": "5.00", "grand_total": "54.98", "original_basket": "", "stripe_pid": ""}}, {"model": "checkout.order", "pk": 21, "fields": {"order_number": "41788723B82344EDABC66EBDB712A7D3", "user_profile": null, "full_name": "Test", "email": "test@email.com", "phone_number": "0100000000", "street_address1": "there", "street_address2": null, "town_or_city": "there", "county": "This one", "postcode": "TA4RD15", "country": "BS", "date": "2022-05-19T14:57:17.205Z", "sub_total": "24.99", "delivery": "2.50", "grand_total": "27.49", "original_basket": "", "stripe_pid": ""}}, {"model": "checkout.order", "pk": 22, "fields": {"order_number": "BE2CEF12B7AF40E4A654F6AC902A6CBA", "user_profile": null, "full_name": "Daniel Higginson", "email": "danbobhig@gmail.com", "phone_number": "+447511779432", "street_address1": "39 Apollo Road", "street_address2": null, "town_or_city": "Oldbury", "county": "West Midlands", "postcode": "B68 9RT", "country": "GB", "date": "2022-05-19T15:05:50.279Z", "sub_total": "24.99", "delivery": "2.50", "grand_total": "27.49", "original_basket": "", "stripe_pid": ""}}, {"model": "checkout.order", "pk": 23, "fields": {"order_number": "DFA25AB26EC949B3809D7C25BCB71C21", "user_profile": null, "full_name": "Daniel Higginson", "email": "danbobhig@gmail.com", "phone_number": "+447511779432", "street_address1": "39 Apollo Road", "street_address2": null, "town_or_city": "Oldbury", "county": "West Midlands", "postcode": "B68 9RT", "country": "GB", "date": "2022-05-19T15:41:16.703Z", "sub_total": "0.00", "delivery": "0.00", "grand_total": "0.00", "original_basket": "", "stripe_pid": ""}}, {"model": "checkout.order", "pk": 24, "fields": {"order_number": "BAF2A727E0324EC4B67FA480A86C37F3", "user_profile": null, "full_name": "Daniel Higginson", "email": "danbobhig@gmail.com", "phone_number": "+447511779432", "street_address1": "39 Apollo Road", "street_address2": null, "town_or_city": "Oldbury", "county": "West Midlands", "postcode": "B68 9RT", "country": "GB", "date": "2022-05-20T11:33:07.529Z", "sub_total": "49.98", "delivery": "5.00", "grand_total": "54.98", "original_basket": "", "stripe_pid": ""}}, {"model": "checkout.order", "pk": 25, "fields": {"order_number": "31026AFF4852426797BBCAA07FC52005", "user_profile": null, "full_name": "Daniel Higginson", "email": "danbobhig@gmail.com", "phone_number": "+447511779432", "street_address1": "39 Apollo Road", "street_address2": null, "town_or_city": "Oldbury", "county": "West Midlands", "postcode": "B68 9RT", "country": "GB", "date": "2022-05-20T11:36:44.695Z", "sub_total": "0.00", "delivery": "0.00", "grand_total": "0.00", "original_basket": "", "stripe_pid": ""}}, {"model": "checkout.order", "pk": 26, "fields": {"order_number": "A8D6E59044744D10A4C1A68A67925868", "user_profile": null, "full_name": "Daniel Higginson", "email": "danbobhig@gmail.com", "phone_number": "+447511779432", "street_address1": "39 Apollo Road", "street_address2": null, "town_or_city": "Oldbury", "county": "West Midlands", "postcode": "B68 9RT", "country": "GB", "date": "2022-05-20T14:44:45.712Z", "sub_total": "75.00", "delivery": "7.50", "grand_total": "82.50", "original_basket": "{\"3\": 1}", "stripe_pid": "pi_3L1X45K8VvNqxLeB0Gb04MnQ"}}, {"model": "checkout.order", "pk": 27, "fields": {"order_number": "21D4698FE4574431A494A1460E04E699", "user_profile": null, "full_name": "Daniel Higginson", "email": "danbobhig@gmail.com", "phone_number": "+447511779432", "street_address1": "39 Apollo Road", "street_address2": null, "town_or_city": "Oldbury", "county": "West Midlands", "postcode": "B68 9RT", "country": "GB", "date": "2022-05-20T14:47:19.429Z", "sub_total": "0.00", "delivery": "0.00", "grand_total": "0.00", "original_basket": "{\"1\": 1}", "stripe_pid": "pi_3L1X6TK8VvNqxLeB0plNAaGs"}}, {"model": "checkout.order", "pk": 28, "fields": {"order_number": "2ADB510782DC47E0BC8CD79A7CAE5513", "user_profile": null, "full_name": "Daniel Higginson", "email": "danbobhig@gmail.com", "phone_number": "+447511779432", "street_address1": "39 Apollo Road", "street_address2": null, "town_or_city": "Oldbury", "county": "West Midlands", "postcode": "B68 9RT", "country": "GB", "date": "2022-05-20T14:49:19.315Z", "sub_total": "75.00", "delivery": "7.50", "grand_total": "82.50", "original_basket": "{\"2\": 1}", "stripe_pid": "pi_3L1X8WK8VvNqxLeB0ffpaV0z"}}, {"model": "checkout.order", "pk": 29, "fields": {"order_number": "6EE706B259A9415AB5AE81D885A8F615", "user_profile": null, "full_name": "Daniel Higginson", "email": "danbobhig@gmail.com", "phone_number": "+447511779432", "street_address1": "39 Apollo Road", "street_address2": null, "town_or_city": "Oldbury", "county": "West Midlands", "postcode": "B68 9RT", "country": "GB", "date": "2022-05-20T14:53:05.485Z", "sub_total": "24.99", "delivery": "2.50", "grand_total": "27.49", "original_basket": "{\"22\": 1}", "stripe_pid": "pi_3L1XC6K8VvNqxLeB0u4S6PBp"}}, {"model": "checkout.order", "pk": 30, "fields": {"order_number": "C17500D5B7084FEBB2D6BE6DC7222E3D", "user_profile": null, "full_name": "Daniel Higginson", "email": "danbobhig@gmail.com", "phone_number": "+447511779432", "street_address1": "39 Apollo Road", "street_address2": null, "town_or_city": "Oldbury", "county": "West Midlands", "postcode": "B68 9RT", "country": "GB", "date": "2022-05-20T14:57:05.937Z", "sub_total": "24.99", "delivery": "2.50", "grand_total": "27.49", "original_basket": "{\"25\": 1}", "stripe_pid": "pi_3L1XG4K8VvNqxLeB146o8aZ0"}}, {"model": "checkout.order", "pk": 31, "fields": {"order_number": "9EA1D20736A24D7E873F8115A7BEEB5A", "user_profile": null, "full_name": "Daniel Higginson", "email": "danbobhig@gmail.com", "phone_number": "+447511779432", "street_address1": "39 Apollo Road", "street_address2": null, "town_or_city": "Oldbury", "county": "West Midlands", "postcode": "B68 9RT", "country": "GB", "date": "2022-05-20T14:57:41.956Z", "sub_total": "24.99", "delivery": "2.50", "grand_total": "27.49", "original_basket": "{\"25\": 1}", "stripe_pid": "pi_3L1XGeK8VvNqxLeB0tp1x89W"}}, {"model": "checkout.order", "pk": 32, "fields": {"order_number": "F530B9524CF1404FB1B95BA4CC6A2474", "user_profile": null, "full_name": "Daniel Higginson", "email": "danbobhig@gmail.com", "phone_number": "+447511779432", "street_address1": "39 Apollo Road", "street_address2": null, "town_or_city": "Oldbury", "county": "West Midlands", "postcode": "B68 9RT", "country": "GB", "date": "2022-05-20T15:00:19.735Z", "sub_total": "75.00", "delivery": "7.50", "grand_total": "82.50", "original_basket": "{\"11\": 1}", "stripe_pid": "pi_3L1XIzK8VvNqxLeB0jTBehhs"}}, {"model": "checkout.order", "pk": 33, "fields": {"order_number": "AC85688BCA5B481280D5241F5112F58D", "user_profile": null, "full_name": "Daniel Higginson", "email": "danbobhig@gmail.com", "phone_number": "+447511779432", "street_address1": "39 Apollo Road", "street_address2": null, "town_or_city": "Oldbury", "county": "West Midlands", "postcode": "B68 9RT", "country": "GB", "date": "2022-05-20T15:02:54.681Z", "sub_total": "19.99", "delivery": "2.00", "grand_total": "21.99", "original_basket": "{\"28\": 1}", "stripe_pid": "pi_3L1XLcK8VvNqxLeB1A2pSzn7"}}, {"model": "checkout.order", "pk": 34, "fields": {"order_number": "6B4BC84414C04A3BBC42FA519DF12BA6", "user_profile": null, "full_name": "Daniel Higginson", "email": "danbobhig@gmail.com", "phone_number": "+447511779432", "street_address1": "39 Apollo Road", "street_address2": null, "town_or_city": "Oldbury", "county": "West Midlands", "postcode": "B68 9RT", "country": "GB", "date": "2022-05-20T15:42:46.084Z", "sub_total": "19.99", "delivery": "2.00", "grand_total": "21.99", "original_basket": "{\"31\": 1}", "stripe_pid": "pi_3L1XwzK8VvNqxLeB134QK7qe"}}, {"model": "checkout.order", "pk": 35, "fields": {"order_number": "075798D1DD7843CEAB99F953C301337A", "user_profile": null, "full_name": "Daniel Higginson", "email": "danbobhig@gmail.com", "phone_number": "+447511779432", "street_address1": "39 Apollo Road", "street_address2": null, "town_or_city": "Oldbury", "county": "West Midlands", "postcode": "B68 9RT", "country": "GB", "date": "2022-05-20T18:50:55.396Z", "sub_total": "24.99", "delivery": "2.50", "grand_total": "27.49", "original_basket": "{\"20\": 1}", "stripe_pid": "pi_3L1au5K8VvNqxLeB1m7j5xUR"}}, {"model": "checkout.order", "pk": 36, "fields": {"order_number": "4CECC1E6BB10418AB65AC525CAEA78B7", "user_profile": null, "full_name": "Daniel Higginson", "email": "danbobhig@gmail.com", "phone_number": "+447511779432", "street_address1": "39 Apollo Road", "street_address2": null, "town_or_city": "Oldbury", "county": "West Midlands", "postcode": "B68 9RT", "country": "GB", "date": "2022-05-21T09:53:01.363Z", "sub_total": "49.98", "delivery": "5.00", "grand_total": "54.98", "original_basket": "{\"22\": 2}", "stripe_pid": "pi_3L1ozEK8VvNqxLeB1zr20MeQ"}}, {"model": "checkout.order", "pk": 37, "fields": {"order_number": "E8D765DFD8E94F21AC04423935B1FF84", "user_profile": null, "full_name": "Daniel Higginson", "email": "danbobhig@gmail.com", "phone_number": "+447511779432", "street_address1": "39 Apollo Road", "street_address2": null, "town_or_city": "Oldbury", "county": "West Midlands", "postcode": "B68 9RT", "country": "GB", "date": "2022-05-21T13:05:36.427Z", "sub_total": "24.99", "delivery": "2.50", "grand_total": "27.49", "original_basket": "{\"25\": 1}", "stripe_pid": "pi_3L1rzgK8VvNqxLeB1Pe0OfBs"}}, {"model": "checkout.order", "pk": 38, "fields": {"order_number": "5DA9B26FBB304AE297DCAA58F20BBCA3", "user_profile": null, "full_name": "Daniel Higginson", "email": "danbobhig@gmail.com", "phone_number": "+447511779432", "street_address1": "39 Apollo Road", "street_address2": null, "town_or_city": "Oldbury", "county": "West Midlands", "postcode": "B68 9RT", "country": "GB", "date": "2022-05-21T13:08:50.760Z", "sub_total": "19.99", "delivery": "2.00", "grand_total": "21.99", "original_basket": "{\"32\": {\"items_by_size\": {\"extra large\": 1}}}", "stripe_pid": "pi_3L1s2ZK8VvNqxLeB0Wm8gZIc"}}, {"model": "checkout.order", "pk": 39, "fields": {"order_number": "C0B9CEFE692740EF9B673C3CBAE370E6", "user_profile": null, "full_name": "Daniel Higginson", "email": "danbobhig@gmail.com", "phone_number": "+447511779432", "street_address1": "39 Apollo Road", "street_address2": null, "town_or_city": "Oldbury", "county": "West Midlands", "postcode": "B68 9RT", "country": "GB", "date": "2022-05-22T19:34:19.260Z", "sub_total": "75.00", "delivery": "7.50", "grand_total": "82.50", "original_basket": "{\"4\": 1}", "stripe_pid": "pi_3L2KXJK8VvNqxLeB1Kfnr3Up"}}, {"model": "checkout.order", "pk": 40, "fields": {"order_number": "496DC31AB99747DEB9CC2C487DBE5579", "user_profile": 1, "full_name": "Daniel Higginson", "email": "danbobhig@gmail.com", "phone_number": "+447511779432", "street_address1": "39 Apollo Road", "street_address2": null, "town_or_city": "Oldbury", "county": "West Midlands", "postcode": "B68 9RT", "country": "GB", "date": "2022-05-22T20:24:43.476Z", "sub_total": "24.99", "delivery": "2.50", "grand_total": "27.49", "original_basket": "{\"20\": 1}", "stripe_pid": "pi_3L2LK3K8VvNqxLeB1sxWgHFM"}}, {"model": "checkout.order", "pk": 41, "fields": {"order_number": "D20FD699C8914F4AB032CFB77739163E", "user_profile": 1, "full_name": "Daniel Higginson", "email": "danbobhig@gmail.com", "phone_number": "07511779432", "street_address1": "39 Apollo Road", "street_address2": null, "town_or_city": "Oldbury", "county": "West Midlands", "postcode": "B68 9RT", "country": "GB", "date": "2022-05-22T20:35:48.236Z", "sub_total": "0.00", "delivery": "0.00", "grand_total": "0.00", "original_basket": "{\"1\": 1}", "stripe_pid": "pi_3L2LUUK8VvNqxLeB1y6meFbN"}}, {"model": "checkout.order", "pk": 42, "fields": {"order_number": "264268B174D04FCA9F01A258E12C51AE", "user_profile": 1, "full_name": "Daniel Higginson", "email": "danbobhig@gmail.com", "phone_number": "07511779432", "street_address1": "51 Mars Rd", "street_address2": null, "town_or_city": "Mars", "county": "Milky Way", "postcode": "MA5 1RS", "country": "GB", "date": "2022-05-22T20:50:36.128Z", "sub_total": "19.99", "delivery": "2.00", "grand_total": "21.99", "original_basket": "{\"30\": 1}", "stripe_pid": "pi_3L2LijK8VvNqxLeB1aGfMm4B"}}, {"model": "checkout.order", "pk": 43, "fields": {"order_number": "9E9F74C814E54E0EBD6FB696E50E393D", "user_profile": 1, "full_name": "Daniel Higginson", "email": "danbobhig@gmail.com", "phone_number": "07511779432", "street_address1": "39 Apollo Road", "street_address2": null, "town_or_city": "Oldbury", "county": "West Midlands", "postcode": "B68 9RT", "country": "GB", "date": "2022-05-28T20:30:05.688Z", "sub_total": "24.99", "delivery": "2.50", "grand_total": "27.49", "original_basket": "{\"21\": 1}", "stripe_pid": "pi_3L4WGgK8VvNqxLeB1r5NT5O6"}}, {"model": "checkout.order", "pk": 44, "fields": {"order_number": "990B0380591C4BB7AE1DD66FA353FAD1", "user_profile": 1, "full_name": "Daniel Higginson", "email": "danbobhig@gmail.com", "phone_number": "07511779432", "street_address1": "39 Apollo Road", "street_address2": null, "town_or_city": "Oldbury", "county": "West Midlands", "postcode": "B68 9RT", "country": "GB", "date": "2022-05-29T10:10:40.842Z", "sub_total": "24.99", "delivery": "2.50", "grand_total": "27.49", "original_basket": "{\"24\": 1}", "stripe_pid": "pi_3L4j4lK8VvNqxLeB0UkLT3iO"}}, {"model": "checkout.order", "pk": 45, "fields": {"order_number": "7555E2B3689B41238987038DA7600DFB", "user_profile": 1, "full_name": "Daniel Higginson", "email": "danbobhig@gmail.com", "phone_number": "01100111000", "street_address1": "51 Mars Rd", "street_address2": null, "town_or_city": "Mars", "county": "Milky Way", "postcode": "MA5 1RS", "country": "GB", "date": "2022-05-29T18:29:37.960Z", "sub_total": "0.00", "delivery": "0.00", "grand_total": "0.00", "original_basket": "{\"1\": 1}", "stripe_pid": "pi_3L4qqxK8VvNqxLeB0g6hC9FJ"}}, {"model": "checkout.order", "pk": 46, "fields": {"order_number": "A2E1185864F74F56B3A3A1CF3AEE895A", "user_profile": 1, "full_name": "Daniel Higginson", "email": "danbobhig@gmail.com", "phone_number": "01100111000", "street_address1": "51 Mars Rd", "street_address2": null, "town_or_city": "Mars", "county": "Milky Way", "postcode": "MA5 1RS", "country": "GB", "date": "2022-05-29T18:34:50.867Z", "sub_total": "75.00", "delivery": "7.50", "grand_total": "82.50", "original_basket": "{\"18\": 1}", "stripe_pid": "pi_3L4qwaK8VvNqxLeB1dmpkdOk"}}, {"model": "checkout.order", "pk": 47, "fields": {"order_number": "CEB1EA1D3EB34F77874E9957D8574573", "user_profile": 1, "full_name": "Daniel Higginson", "email": "danbobhig@gmail.com", "phone_number": "01100111000", "street_address1": "51 Mars Rd", "street_address2": null, "town_or_city": "Mars", "county": "Milky Way", "postcode": "MA5 1RS", "country": "GB", "date": "2022-05-31T18:48:38.191Z", "sub_total": "24.99", "delivery": "2.50", "grand_total": "27.49", "original_basket": "{\"22\": 1}", "stripe_pid": "pi_3L5a77K8VvNqxLeB1YIoIclU"}}, {"model": "checkout.order", "pk": 48, "fields": {"order_number": "F9B8054D4E4D4E3296129255BD8EFAAE", "user_profile": 1, "full_name": "Daniel Higginson", "email": "danbobhig@gmail.com", "phone_number": "07511779432", "street_address1": "39 Apollo Road", "street_address2": null, "town_or_city": "Oldbury", "county": "West Midlands", "postcode": "B68 9RT", "country": "GB", "date": "2022-05-31T20:28:13.580Z", "sub_total": "24.99", "delivery": "2.50", "grand_total": "27.49", "original_basket": "{\"20\": 1}", "stripe_pid": "pi_3L5bf4K8VvNqxLeB0h1UhD4M"}}, {"model": "checkout.order", "pk": 49, "fields": {"order_number": "A8179368E8C74AD7A6D189D405B19FBC", "user_profile": 1, "full_name": "Daniel Higginson", "email": "danbobhig@gmail.com", "phone_number": "07511779432", "street_address1": "39 Apollo Road", "street_address2": null, "town_or_city": "Oldbury", "county": "West Midlands", "postcode": "B68 9RT", "country": "GB", "date": "2022-05-31T20:43:23.572Z", "sub_total": "19.99", "delivery": "2.00", "grand_total": "21.99", "original_basket": "{\"32\": {\"items_by_size\": {\"extra large\": 1}}}", "stripe_pid": "pi_3L5buDK8VvNqxLeB0kHojW28"}}, {"model": "checkout.order", "pk": 50, "fields": {"order_number": "832E2FF58A6C4148AFBD2C33154198C6", "user_profile": 1, "full_name": "Daniel Higginson", "email": "danbobhig@gmail.com", "phone_number": "07511779432", "street_address1": "39 Apollo Road", "street_address2": null, "town_or_city": "Oldbury", "county": "West Midlands", "postcode": "B68 9RT", "country": "GB", "date": "2022-05-31T21:16:11.752Z", "sub_total": "19.99", "delivery": "2.00", "grand_total": "21.99", "original_basket": "{\"28\": 1}", "stripe_pid": "pi_3L5cPxK8VvNqxLeB1oZ2UWQE"}}, {"model": "checkout.order", "pk": 51, "fields": {"order_number": "D8CF56444E9149B0A97E313B01158D39", "user_profile": 1, "full_name": "Daniel Higginson", "email": "danbobhig@gmail.com", "phone_number": "01100111000", "street_address1": "51 Mars Rd", "street_address2": null, "town_or_city": "Mars", "county": "Milky Way", "postcode": "MA5 1RS", "country": "GB", "date": "2022-06-03T12:05:57.176Z", "sub_total": "75.00", "delivery": "7.50", "grand_total": "82.50", "original_basket": "{\"4\": 1}", "stripe_pid": "pi_3L6ZG7K8VvNqxLeB0QgpAwbI"}}, {"model": "checkout.order", "pk": 52, "fields": {"order_number": "5C83EB8AE50842BFA590D44E7BA0CB69", "user_profile": null, "full_name": "Daniel Higginson", "email": "danbobhig@gmail.com", "phone_number": "01100111000", "street_address1": "51 Mars Rd", "street_address2": null, "town_or_city": "Mars", "county": "Milky Way", "postcode": "MA5 1RS", "country": "GB", "date": "2022-06-05T17:11:50.909Z", "sub_total": "0.00", "delivery": "0.00", "grand_total": "0.00", "original_basket": "{\"32\": {\"items_by_size\": {\"medium\": 1}}}", "stripe_pid": "pi_3L7MzFK8VvNqxLeB0xQ498Av"}}, {"model": "checkout.order", "pk": 53, "fields": {"order_number": "DB016AB6D2574C4B83B6F6647B884077", "user_profile": 1, "full_name": "Daniel Higginson", "email": "danbobhig@gmail.com", "phone_number": "01100111000", "street_address1": "51 Mars Rd", "street_address2": null, "town_or_city": "Mars", "county": "Milky Way", "postcode": "MA5 1RS", "country": "GB", "date": "2022-06-05T17:11:56.524Z", "sub_total": "19.99", "delivery": "2.00", "grand_total": "21.99", "original_basket": "{\"32\": {\"items_by_size\": {\"medium\": 1}}}", "stripe_pid": "pi_3L7MzFK8VvNqxLeB0xQ498Av"}}, {"model": "checkout.order", "pk": 54, "fields": {"order_number": "5610119E8C2A4ACBB81A82432BBFC8AA", "user_profile": 1, "full_name": "Daniel Higginson", "email": "danbobhig@gmail.com", "phone_number": "01100111000", "street_address1": "51 Mars Rd", "street_address2": null, "town_or_city": "Mars", "county": "Milky Way", "postcode": "MA5 1RS", "country": "GB", "date": "2022-06-05T17:13:31.686Z", "sub_total": "19.99", "delivery": "2.00", "grand_total": "21.99", "original_basket": "{\"32\": {\"items_by_size\": {\"medium\": 1}}}", "stripe_pid": "pi_3L7MzFK8VvNqxLeB0xQ498Av"}}, {"model": "checkout.order", "pk": 55, "fields": {"order_number": "6CDF15CBC63D49B587772F2D74E04D6F", "user_profile": 1, "full_name": "Daniel Higginson", "email": "danbobhig@gmail.com", "phone_number": "01100111000", "street_address1": "51 Mars Rd", "street_address2": null, "town_or_city": "Mars", "county": "Milky Way", "postcode": "MA5 1RS", "country": "GB", "date": "2022-06-05T17:18:39.309Z", "sub_total": "19.99", "delivery": "2.00", "grand_total": "21.99", "original_basket": "{\"32\": {\"items_by_size\": {\"medium\": 1}}}", "stripe_pid": "pi_3L7N5pK8VvNqxLeB0NqmxLbU"}}, {"model": "checkout.order", "pk": 56, "fields": {"order_number": "2C8B7C5268A8402091280F1E6BD1CCC4", "user_profile": 1, "full_name": "Daniel Higginson", "email": "danbobhig@gmail.com", "phone_number": "01100111000", "street_address1": "51 Mars Rd", "street_address2": null, "town_or_city": "Mars", "county": "Milky Way", "postcode": "MA5 1RS", "country": "GB", "date": "2022-06-05T17:26:52.738Z", "sub_total": "19.99", "delivery": "2.00", "grand_total": "21.99", "original_basket": "{\"32\": {\"items_by_size\": {\"medium\": 1}}}", "stripe_pid": "pi_3L7NDoK8VvNqxLeB1hdEbxlt"}}, {"model": "checkout.order", "pk": 57, "fields": {"order_number": "65E86418FEE64D00B2FE5BDF87B9A70A", "user_profile": null, "full_name": "Daniel Higginson", "email": "danbobhig@gmail.com", "phone_number": "01100111000", "street_address1": "51 Mars Rd", "street_address2": null, "town_or_city": "Mars", "county": "Milky Way", "postcode": "MA5 1RS", "country": "GB", "date": "2022-06-05T17:27:41.059Z", "sub_total": "0.00", "delivery": "0.00", "grand_total": "0.00", "original_basket": "{\"32\": {\"items_by_size\": {\"medium\": 4}}}", "stripe_pid": "pi_3L7NEYK8VvNqxLeB1XfzoHLZ"}}, {"model": "checkout.order", "pk": 58, "fields": {"order_number": "70EED4BDA6584766ACC5436FE317B0BD", "user_profile": 1, "full_name": "Daniel Higginson", "email": "danbobhig@gmail.com", "phone_number": "01100111000", "street_address1": "51 Mars Rd", "street_address2": null, "town_or_city": "Mars", "county": "Milky Way", "postcode": "MA5 1RS", "country": "GB", "date": "2022-06-05T17:27:46.715Z", "sub_total": "79.96", "delivery": "8.00", "grand_total": "87.96", "original_basket": "{\"32\": {\"items_by_size\": {\"medium\": 4}}}", "stripe_pid": "pi_3L7NEYK8VvNqxLeB1XfzoHLZ"}}, {"model": "checkout.order", "pk": 59, "fields": {"order_number": "448B3C7575F84B5C8F2BF51E777436DE", "user_profile": null, "full_name": "Daniel Higginson", "email": "danbobhig@gmail.com", "phone_number": "01100111000", "street_address1": "51 Mars Rd", "street_address2": null, "town_or_city": "Mars", "county": "Milky Way", "postcode": "MA5 1RS", "country": "GB", "date": "2022-06-05T17:28:31.545Z", "sub_total": "0.00", "delivery": "0.00", "grand_total": "0.00", "original_basket": "{\"32\": {\"items_by_size\": {\"medium\": 4}}}", "stripe_pid": "pi_3L7NFOK8VvNqxLeB055sUYo4"}}, {"model": "checkout.order", "pk": 60, "fields": {"order_number": "C9E58FFC91C348859502FBFC8395E351", "user_profile": 1, "full_name": "Daniel Higginson", "email": "danbobhig@gmail.com", "phone_number": "01100111000", "street_address1": "51 Mars Rd", "street_address2": null, "town_or_city": "Mars", "county": "Milky Way", "postcode": "MA5 1RS", "country": "GB", "date": "2022-06-05T17:28:37.144Z", "sub_total": "79.96", "delivery": "8.00", "grand_total": "87.96", "original_basket": "{\"32\": {\"items_by_size\": {\"medium\": 4}}}", "stripe_pid": "pi_3L7NFOK8VvNqxLeB055sUYo4"}}, {"model": "checkout.order", "pk": 61, "fields": {"order_number": "667EC965EDFC4CE5B4631ED0E199EBF2", "user_profile": 1, "full_name": "Daniel Higginson", "email": "danbobhig@gmail.com", "phone_number": "01100111000", "street_address1": "51 Mars Rd", "street_address2": null, "town_or_city": "Mars", "county": "Milky Way", "postcode": "MA5 1RS", "country": "GB", "date": "2022-06-05T17:29:22.146Z", "sub_total": "19.99", "delivery": "2.00", "grand_total": "21.99", "original_basket": "{\"32\": {\"items_by_size\": {\"medium\": 1}}}", "stripe_pid": "pi_3L7NGDK8VvNqxLeB1Sb4TIxx"}}, {"model": "checkout.order", "pk": 62, "fields": {"order_number": "35834CF776854716ADA81B9F7FCDA110", "user_profile": 1, "full_name": "Daniel Higginson", "email": "danbobhig@gmail.com", "phone_number": "01100111000", "street_address1": "51 Mars Rd", "street_address2": null, "town_or_city": "Mars", "county": "Milky Way", "postcode": "MA5 1RS", "country": "GB", "date": "2022-06-05T17:31:01.893Z", "sub_total": "19.99", "delivery": "2.00", "grand_total": "21.99", "original_basket": "{\"32\": {\"items_by_size\": {\"medium\": 1}}}", "stripe_pid": "pi_3L7NHfK8VvNqxLeB0CCXZhZA"}}, {"model": "checkout.order", "pk": 63, "fields": {"order_number": "576A46AD23124006A6B5F9FD7F94FFC4", "user_profile": null, "full_name": "Daniel Higginson", "email": "danbobhig@gmail.com", "phone_number": "01100111000", "street_address1": "51 Mars Rd", "street_address2": null, "town_or_city": "Mars", "county": "Milky Way", "postcode": "MA5 1RS", "country": "GB", "date": "2022-06-05T17:32:32.320Z", "sub_total": "0.00", "delivery": "0.00", "grand_total": "0.00", "original_basket": "{\"32\": {\"items_by_size\": {\"medium\": 1}}}", "stripe_pid": "pi_3L7NJFK8VvNqxLeB0fHrcUAa"}}, {"model": "checkout.order", "pk": 64, "fields": {"order_number": "BF1EF6DDE2F241428A04FC1D08501EE4", "user_profile": 1, "full_name": "Daniel Higginson", "email": "danbobhig@gmail.com", "phone_number": "01100111000", "street_address1": "51 Mars Rd", "street_address2": null, "town_or_city": "Mars", "county": "Milky Way", "postcode": "MA5 1RS", "country": "GB", "date": "2022-06-05T17:32:37.897Z", "sub_total": "19.99", "delivery": "2.00", "grand_total": "21.99", "original_basket": "{\"32\": {\"items_by_size\": {\"medium\": 1}}}", "stripe_pid": "pi_3L7NJFK8VvNqxLeB0fHrcUAa"}}, {"model": "checkout.order", "pk": 65, "fields": {"order_number": "3A9D98E112E64C15B20AE5C59D9F28DB", "user_profile": null, "full_name": "Daniel Higginson", "email": "danbobhig@gmail.com", "phone_number": "01100111000", "street_address1": "51 Mars Rd", "street_address2": null, "town_or_city": "Mars", "county": "Milky Way", "postcode": "MA5 1RS", "country": "GB", "date": "2022-06-05T19:25:00.561Z", "sub_total": "0.00", "delivery": "0.00", "grand_total": "0.00", "original_basket": "{\"2\": 1}", "stripe_pid": "pi_3L7P45K8VvNqxLeB0yTpusiy"}}, {"model": "checkout.order", "pk": 66, "fields": {"order_number": "6944694BC3594EDE8AE730F435260A39", "user_profile": 1, "full_name": "Daniel Higginson", "email": "danbobhig@gmail.com", "phone_number": "01100111000", "street_address1": "51 Mars Rd", "street_address2": null, "town_or_city": "Mars", "county": "Milky Way", "postcode": "MA5 1RS", "country": "GB", "date": "2022-06-05T19:25:06.095Z", "sub_total": "75.00", "delivery": "7.50", "grand_total": "82.50", "original_basket": "{\"2\": 1}", "stripe_pid": "pi_3L7P45K8VvNqxLeB0yTpusiy"}}, {"model": "checkout.order", "pk": 67, "fields": {"order_number": "227492DCEB6642F2880407B29DCC4195", "user_profile": 1, "full_name": "Daniel Higginson", "email": "danbobhig@gmail.com", "phone_number": "01100111000", "street_address1": "51 Mars Rd", "street_address2": null, "town_or_city": "Mars", "county": "Milky Way", "postcode": "MA5 1RS", "country": "GB", "date": "2022-06-05T19:26:59.407Z", "sub_total": "75.00", "delivery": "7.50", "grand_total": "82.50", "original_basket": "{\"2\": 1}", "stripe_pid": "pi_3L7P45K8VvNqxLeB0yTpusiy"}}, {"model": "checkout.order", "pk": 68, "fields": {"order_number": "2BD49171F8A1420F87EACEB467623A5A", "user_profile": 1, "full_name": "Daniel Higginson", "email": "danbobhig@gmail.com", "phone_number": "01100111000", "street_address1": "51 Mars Rd", "street_address2": null, "town_or_city": "Mars", "county": "Milky Way", "postcode": "MA5 1RS", "country": "GB", "date": "2022-06-08T17:14:58.965Z", "sub_total": "75.00", "delivery": "7.50", "grand_total": "82.50", "original_basket": "{\"2\": 1}", "stripe_pid": "pi_3L8SSuK8VvNqxLeB061sMXp4"}}, {"model": "checkout.order", "pk": 69, "fields": {"order_number": "1B92ECCBA77B48EA869ED4FAD89FDF75", "user_profile": 1, "full_name": "Daniel Higginson", "email": "danbobhig@gmail.com", "phone_number": "01100111000", "street_address1": "51 Mars Rd", "street_address2": null, "town_or_city": "Mars", "county": "Milky Way", "postcode": "MA5 1RS", "country": "GB", "date": "2022-06-08T17:18:03.907Z", "sub_total": "24.99", "delivery": "2.50", "grand_total": "27.49", "original_basket": "{\"20\": 1}", "stripe_pid": "pi_3L8SVuK8VvNqxLeB16VijMtH"}}, {"model": "checkout.order", "pk": 70, "fields": {"order_number": "607054CB33324A7E88161F35065025D4", "user_profile": 1, "full_name": "Daniel Higginson", "email": "danbobhig@gmail.com", "phone_number": "01100111000", "street_address1": "51 Mars Rd", "street_address2": null, "town_or_city": "Mars", "county": "Milky Way", "postcode": "MA5 1RS", "country": "GB", "date": "2022-06-08T17:19:15.056Z", "sub_total": "75.00", "delivery": "7.50", "grand_total": "82.50", "original_basket": "{\"3\": 1}", "stripe_pid": "pi_3L8SX3K8VvNqxLeB1RgZN9y6"}}, {"model": "checkout.order", "pk": 71, "fields": {"order_number": "90492412B1054E97A3B016D44DC2E64F", "user_profile": 1, "full_name": "Daniel Higginson", "email": "danbobhig@gmail.com", "phone_number": "01100111000", "street_address1": "51 Mars Rd", "street_address2": null, "town_or_city": "Mars", "county": "Milky Way", "postcode": "MA5 1RS", "country": "GB", "date": "2022-06-09T19:13:52.096Z", "sub_total": "75.00", "delivery": "7.50", "grand_total": "82.50", "original_basket": "{\"2\": 1}", "stripe_pid": "pi_3L8qnWK8VvNqxLeB0uKwVhwV"}}, {"model": "checkout.order", "pk": 72, "fields": {"order_number": "A25F8984588B4ABC9315EFC47AE4BC9D", "user_profile": 1, "full_name": "Daniel Higginson", "email": "danbobhig@gmail.com", "phone_number": "01100111000", "street_address1": "51 Mars Rd", "street_address2": null, "town_or_city": "Mars", "county": "Milky Way", "postcode": "MA5 1RS", "country": "GB", "date": "2022-06-10T19:26:27.289Z", "sub_total": "75.00", "delivery": "7.50", "grand_total": "82.50", "original_basket": "{\"4\": 1}", "stripe_pid": "pi_3L9DTAK8VvNqxLeB0HuXWad8"}}, {"model": "checkout.order", "pk": 73, "fields": {"order_number": "B3BB514CF6E44E6E9ADA8203ED0DD823", "user_profile": 1, "full_name": "Daniel Higginson", "email": "danbobhig@gmail.com", "phone_number": "01100111000", "street_address1": "51 Mars Rd", "street_address2": null, "town_or_city": "Mars", "county": "Milky Way", "postcode": "MA5 1RS", "country": "GB", "date": "2022-06-11T09:00:24.581Z", "sub_total": "75.00", "delivery": "7.50", "grand_total": "82.50", "original_basket": "{\"5\": 1}", "stripe_pid": "pi_3L9QAwK8VvNqxLeB1wZ1nlNT"}}, {"model": "checkout.order", "pk": 74, "fields": {"order_number": "8E0545EB822B4FE4AD95D28599EA4B66", "user_profile": 1, "full_name": "Daniel Higginson", "email": "danbobhig@gmail.com", "phone_number": "01100111000", "street_address1": "51 Mars Rd", "street_address2": null, "town_or_city": "Mars", "county": "Milky Way", "postcode": "MA5 1RS", "country": "GB", "date": "2022-06-11T10:39:07.554Z", "sub_total": "24.99", "delivery": "2.50", "grand_total": "27.49", "original_basket": "{\"20\": 1}", "stripe_pid": "pi_3L9RhvK8VvNqxLeB01MTYTjf"}}, {"model": "checkout.order", "pk": 75, "fields": {"order_number": "9C096D9FD5CB41F48D94B281183540A5", "user_profile": 1, "full_name": "Daniel Higginson", "email": "danbobhig@gmail.com", "phone_number": "01100111000", "street_address1": "51 Mars Rd", "street_address2": null, "town_or_city": "Mars", "county": "Milky Way", "postcode": "MA5 1RS", "country": "GB", "date": "2022-06-12T10:43:06.319Z", "sub_total": "159.96", "delivery": "0.00", "grand_total": "159.96", "original_basket": "{\"21\": 1, \"3\": 1, \"28\": 3}", "stripe_pid": "pi_3L9oFtK8VvNqxLeB1g1tRUZ8"}}, {"model": "checkout.order", "pk": 76, "fields": {"order_number": "482524C339654D928C7C74D7FBCA125E", "user_profile": 1, "full_name": "Daniel Higginson", "email": "danbobhig@gmail.com", "phone_number": "01100111000", "street_address1": "51 Mars Rd", "street_address2": null, "town_or_city": "Mars", "county": "Milky Way", "postcode": "MA5 1RS", "country": "GB", "date": "2022-06-12T11:04:18.638Z", "sub_total": "124.98", "delivery": "0.00", "grand_total": "124.98", "original_basket": "{\"4\": 1, \"22\": 2}", "stripe_pid": "pi_3L9oaOK8VvNqxLeB1t0cZWBj"}}, {"model": "checkout.order", "pk": 77, "fields": {"order_number": "CB4521BF75334556BB44CF277A5FF8E3", "user_profile": 1, "full_name": "Daniel Higginson", "email": "danbobhig@gmail.com", "phone_number": "01100111000", "street_address1": "51 Mars Rd", "street_address2": null, "town_or_city": "Mars", "county": "Milky Way", "postcode": "MA5 1RS", "country": "GB", "date": "2022-06-12T11:04:24.292Z", "sub_total": "124.98", "delivery": "0.00", "grand_total": "124.98", "original_basket": "{\"4\": 1, \"22\": 2}", "stripe_pid": "pi_3L9oaOK8VvNqxLeB1t0cZWBj"}}, {"model": "checkout.order", "pk": 78, "fields": {"order_number": "6303EBB4119B43ECB4B858D41BF830B2", "user_profile": 1, "full_name": "Daniel Higginson", "email": "danbobhig@gmail.com", "phone_number": "01100111000", "street_address1": "51 Mars Rd", "street_address2": null, "town_or_city": "Mars", "county": "Milky Way", "postcode": "MA5 1RS", "country": "GB", "date": "2022-06-12T11:43:08.900Z", "sub_total": "159.96", "delivery": "0.00", "grand_total": "159.96", "original_basket": "{\"21\": 1, \"3\": 1, \"28\": 3}", "stripe_pid": "pi_3L9oFtK8VvNqxLeB1g1tRUZ8"}}, {"model": "checkout.orderlineitem", "pk": 16, "fields": {"order": 16, "product": 4, "product_size": null, "quantity": 1, "lineitem_total": "75.00"}}, {"model": "checkout.orderlineitem", "pk": 18, "fields": {"order": 17, "product": 4, "product_size": null, "quantity": 1, "lineitem_total": "75.00"}}, {"model": "checkout.orderlineitem", "pk": 19, "fields": {"order": 18, "product": 20, "product_size": null, "quantity": 1, "lineitem_total": "24.99"}}, {"model": "checkout.orderlineitem", "pk": 20, "fields": {"order": 19, "product": 4, "product_size": null, "quantity": 1, "lineitem_total": "75.00"}}, {"model": "checkout.orderlineitem", "pk": 21, "fields": {"order": 19, "product": 22, "product_size": null, "quantity": 1, "lineitem_total": "24.99"}}, {"model": "checkout.orderlineitem", "pk": 22, "fields": {"order": 20, "product": 22, "product_size": null, "quantity": 1, "lineitem_total": "24.99"}}, {"model": "checkout.orderlineitem", "pk": 23, "fields": {"order": 20, "product": 23, "product_size": null, "quantity": 1, "lineitem_total": "24.99"}}, {"model": "checkout.orderlineitem", "pk": 24, "fields": {"order": 21, "product": 20, "product_size": null, "quantity": 1, "lineitem_total": "24.99"}}, {"model": "checkout.orderlineitem", "pk": 25, "fields": {"order": 22, "product": 22, "product_size": null, "quantity": 1, "lineitem_total": "24.99"}}, {"model": "checkout.orderlineitem", "pk": 27, "fields": {"order": 24, "product": 21, "product_size": null, "quantity": 1, "lineitem_total": "24.99"}}, {"model": "checkout.orderlineitem", "pk": 28, "fields": {"order": 24, "product": 22, "product_size": null, "quantity": 1, "lineitem_total": "24.99"}}, {"model": "checkout.orderlineitem", "pk": 30, "fields": {"order": 26, "product": 3, "product_size": null, "quantity": 1, "lineitem_total": "75.00"}}, {"model": "checkout.orderlineitem", "pk": 32, "fields": {"order": 28, "product": 2, "product_size": null, "quantity": 1, "lineitem_total": "75.00"}}, {"model": "checkout.orderlineitem", "pk": 33, "fields": {"order": 29, "product": 22, "product_size": null, "quantity": 1, "lineitem_total": "24.99"}}, {"model": "checkout.orderlineitem", "pk": 34, "fields": {"order": 30, "product": 25, "product_size": null, "quantity": 1, "lineitem_total": "24.99"}}, {"model": "checkout.orderlineitem", "pk": 35, "fields": {"order": 31, "product": 25, "product_size": null, "quantity": 1, "lineitem_total": "24.99"}}, {"model": "checkout.orderlineitem", "pk": 36, "fields": {"order": 32, "product": 11, "product_size": null, "quantity": 1, "lineitem_total": "75.00"}}, {"model": "checkout.orderlineitem", "pk": 37, "fields": {"order": 33, "product": 28, "product_size": null, "quantity": 1, "lineitem_total": "19.99"}}, {"model": "checkout.orderlineitem", "pk": 38, "fields": {"order": 34, "product": 31, "product_size": null, "quantity": 1, "lineitem_total": "19.99"}}, {"model": "checkout.orderlineitem", "pk": 39, "fields": {"order": 35, "product": 20, "product_size": null, "quantity": 1, "lineitem_total": "24.99"}}, {"model": "checkout.orderlineitem", "pk": 40, "fields": {"order": 36, "product": 22, "product_size": null, "quantity": 2, "lineitem_total": "49.98"}}, {"model": "checkout.orderlineitem", "pk": 41, "fields": {"order": 37, "product": 25, "product_size": null, "quantity": 1, "lineitem_total": "24.99"}}, {"model": "checkout.orderlineitem", "pk": 42, "fields": {"order": 38, "product": 32, "product_size": "extra large", "quantity": 1, "lineitem_total": "19.99"}}, {"model": "checkout.orderlineitem", "pk": 43, "fields": {"order": 39, "product": 4, "product_size": null, "quantity": 1, "lineitem_total": "75.00"}}, {"model": "checkout.orderlineitem", "pk": 44, "fields": {"order": 40, "product": 20, "product_size": null, "quantity": 1, "lineitem_total": "24.99"}}, {"model": "checkout.orderlineitem", "pk": 46, "fields": {"order": 42, "product": 30, "product_size": null, "quantity": 1, "lineitem_total": "19.99"}}, {"model": "checkout.orderlineitem", "pk": 47, "fields": {"order": 43, "product": 21, "product_size": null, "quantity": 1, "lineitem_total": "24.99"}}, {"model": "checkout.orderlineitem", "pk": 48, "fields": {"order": 44, "product": 24, "product_size": null, "quantity": 1, "lineitem_total": "24.99"}}, {"model": "checkout.orderlineitem", "pk": 50, "fields": {"order": 46, "product": 18, "product_size": null, "quantity": 1, "lineitem_total": "75.00"}}, {"model": "checkout.orderlineitem", "pk": 51, "fields": {"order": 47, "product": 22, "product_size": null, "quantity": 1, "lineitem_total": "24.99"}}, {"model": "checkout.orderlineitem", "pk": 52, "fields": {"order": 48, "product": 20, "product_size": null, "quantity": 1, "lineitem_total": "24.99"}}, {"model": "checkout.orderlineitem", "pk": 53, "fields": {"order": 49, "product": 32, "product_size": "extra large", "quantity": 1, "lineitem_total": "19.99"}}, {"model": "checkout.orderlineitem", "pk": 54, "fields": {"order": 50, "product": 28, "product_size": null, "quantity": 1, "lineitem_total": "19.99"}}, {"model": "checkout.orderlineitem", "pk": 55, "fields": {"order": 51, "product": 4, "product_size": null, "quantity": 1, "lineitem_total": "75.00"}}, {"model": "checkout.orderlineitem", "pk": 56, "fields": {"order": 53, "product": 32, "product_size": "medium", "quantity": 1, "lineitem_total": "19.99"}}, {"model": "checkout.orderlineitem", "pk": 57, "fields": {"order": 54, "product": 32, "product_size": "medium", "quantity": 1, "lineitem_total": "19.99"}}, {"model": "checkout.orderlineitem", "pk": 58, "fields": {"order": 55, "product": 32, "product_size": "medium", "quantity": 1, "lineitem_total": "19.99"}}, {"model": "checkout.orderlineitem", "pk": 59, "fields": {"order": 56, "product": 32, "product_size": "medium", "quantity": 1, "lineitem_total": "19.99"}}, {"model": "checkout.orderlineitem", "pk": 60, "fields": {"order": 58, "product": 32, "product_size": "medium", "quantity": 4, "lineitem_total": "79.96"}}, {"model": "checkout.orderlineitem", "pk": 61, "fields": {"order": 60, "product": 32, "product_size": "medium", "quantity": 4, "lineitem_total": "79.96"}}, {"model": "checkout.orderlineitem", "pk": 62, "fields": {"order": 61, "product": 32, "product_size": "medium", "quantity": 1, "lineitem_total": "19.99"}}, {"model": "checkout.orderlineitem", "pk": 63, "fields": {"order": 62, "product": 32, "product_size": "medium", "quantity": 1, "lineitem_total": "19.99"}}, {"model": "checkout.orderlineitem", "pk": 64, "fields": {"order": 64, "product": 32, "product_size": "medium", "quantity": 1, "lineitem_total": "19.99"}}, {"model": "checkout.orderlineitem", "pk": 65, "fields": {"order": 66, "product": 2, "product_size": null, "quantity": 1, "lineitem_total": "75.00"}}, {"model": "checkout.orderlineitem", "pk": 66, "fields": {"order": 67, "product": 2, "product_size": null, "quantity": 1, "lineitem_total": "75.00"}}, {"model": "checkout.orderlineitem", "pk": 67, "fields": {"order": 68, "product": 2, "product_size": null, "quantity": 1, "lineitem_total": "75.00"}}, {"model": "checkout.orderlineitem", "pk": 68, "fields": {"order": 69, "product": 20, "product_size": null, "quantity": 1, "lineitem_total": "24.99"}}, {"model": "checkout.orderlineitem", "pk": 69, "fields": {"order": 70, "product": 3, "product_size": null, "quantity": 1, "lineitem_total": "75.00"}}, {"model": "checkout.orderlineitem", "pk": 70, "fields": {"order": 71, "product": 2, "product_size": null, "quantity": 1, "lineitem_total": "75.00"}}, {"model": "checkout.orderlineitem", "pk": 71, "fields": {"order": 72, "product": 4, "product_size": null, "quantity": 1, "lineitem_total": "75.00"}}, {"model": "checkout.orderlineitem", "pk": 72, "fields": {"order": 73, "product": 5, "product_size": null, "quantity": 1, "lineitem_total": "75.00"}}, {"model": "checkout.orderlineitem", "pk": 73, "fields": {"order": 74, "product": 20, "product_size": null, "quantity": 1, "lineitem_total": "24.99"}}, {"model": "checkout.orderlineitem", "pk": 74, "fields": {"order": 75, "product": 21, "product_size": null, "quantity": 1, "lineitem_total": "24.99"}}, {"model": "checkout.orderlineitem", "pk": 75, "fields": {"order": 75, "product": 3, "product_size": null, "quantity": 1, "lineitem_total": "75.00"}}, {"model": "checkout.orderlineitem", "pk": 76, "fields": {"order": 75, "product": 28, "product_size": null, "quantity": 3, "lineitem_total": "59.97"}}, {"model": "checkout.orderlineitem", "pk": 77, "fields": {"order": 76, "product": 4, "product_size": null, "quantity": 1, "lineitem_total": "75.00"}}, {"model": "checkout.orderlineitem", "pk": 78, "fields": {"order": 76, "product": 22, "product_size": null, "quantity": 2, "lineitem_total": "49.98"}}, {"model": "checkout.orderlineitem", "pk": 79, "fields": {"order": 77, "product": 4, "product_size": null, "quantity": 1, "lineitem_total": "75.00"}}, {"model": "checkout.orderlineitem", "pk": 80, "fields": {"order": 77, "product": 22, "product_size": null, "quantity": 2, "lineitem_total": "49.98"}}, {"model": "checkout.orderlineitem", "pk": 81, "fields": {"order": 78, "product": 21, "product_size": null, "quantity": 1, "lineitem_total": "24.99"}}, {"model": "checkout.orderlineitem", "pk": 82, "fields": {"order": 78, "product": 3, "product_size": null, "quantity": 1, "lineitem_total": "75.00"}}, {"model": "checkout.orderlineitem", "pk": 83, "fields": {"order": 78, "product": 28, "product_size": null, "quantity": 3, "lineitem_total": "59.97"}}, {"model": "profiles.userprofile", "pk": 1, "fields": {"user": 1, "default_street_address1": "51 Mars Rd", "default_street_address2": null, "default_town_or_city": "Mars", "default_county": "Milky Way", "default_postcode": "MA5 1RS", "default_country": "GB", "default_phone_number": "01100111000"}}, {"model": "profiles.userprofile", "pk": 2, "fields": {"user": 2, "default_street_address1": null, "default_street_address2": null, "default_town_or_city": null, "default_county": null, "default_postcode": null, "default_country": null, "default_phone_number": null}}]