[{"model": "products.category", "pk": 12, "fields": {"name": "originals", "friendly_name": "Originals"}}, {"model": "products.category", "pk": 13, "fields": {"name": "prints", "friendly_name": "Prints"}}, {"model": "products.category", "pk": 14, "fields": {"name": "merch", "friendly_name": "Merchandise"}}, {"model": "products.subcategory", "pk": 1, "fields": {"name": "british_birds", "friendly_name": "British Birds Collection"}}, {"model": "products.subcategory", "pk": 2, "fields": {"name": "british_mammals", "friendly_name": "British Mammals Collection"}}, {"model": "products.subcategory", "pk": 3, "fields": {"name": "fantasy", "friendly_name": "Fantasy Collection"}}, {"model": "products.product", "pk": 2, "fields": {"category": 12, "sub_category": 1, "sku": "OP002BT", "name": "Bearded Tit", "description": "Bearded Tit painted in watercolour.\r\n\r\nThis is painted on A5 size 100% cotton, acid-free, cold-pressed, 300gsm, archival watercolour paper by Saunders Waterford. \r\n\r\nI use professional quality paints that are lightfast tested. \r\n\r\nItem is not framed.", "has_sizes": false, "stock_qty": 0, "price": "75.00", "image": "bearded_tit.jpg"}}, {"model": "products.product", "pk": 3, "fields": {"category": 12, "sub_category": 1, "sku": "OP003BF", "name": "Bullfinch", "description": "Bullfinch painted in watercolour.\r\n\r\nThis is painted on A5 size 100% cotton, acid-free, cold-pressed, 300gsm, archival watercolour paper by Saunders Waterford. \r\n\r\nI use professional quality paints that are lightfast tested. \r\n\r\nItem is not framed.", "has_sizes": false, "stock_qty": 1, "price": "75.00", "image": "bullfinch.jpg"}}, {"model": "products.product", "pk": 4, "fields": {"category": 12, "sub_category": 1, "sku": "OP004CT", "name": "Crested Tit", "description": "Crested Tit painted in watercolour.\r\n\r\nThis is painted on A5 size 100% cotton, acid-free, cold-pressed, 300gsm, archival watercolour paper by Saunders Waterford. \r\n\r\nI use professional quality paints that are lightfast tested. \r\n\r\nItem is not framed.", "has_sizes": false, "stock_qty": 0, "price": "75.00", "image": "crested_tit.jpg"}}, {"model": "products.product", "pk": 5, "fields": {"category": 12, "sub_category": 1, "sku": "OP005CH", "name": "Chaffinch", "description": "Chaffinch painted in watercolour.\r\n\r\nThis is painted on A5 size 100% cotton, acid-free, cold-pressed, 300gsm, archival watercolour paper by Saunders Waterford. \r\n\r\nI use professional quality paints that are lightfast tested. \r\n\r\nItem is not framed.", "has_sizes": false, "stock_qty": 1, "price": "75.00", "image": "chaffinch.jpg"}}, {"model": "products.product", "pk": 6, "fields": {"category": 12, "sub_category": 1, "sku": "OP006GC", "name": "Gold Crest", "description": "Goldcrest painted in watercolour.\r\n\r\nThis is painted on A5 size 100% cotton, acid-free, cold-pressed, 300gsm, archival watercolour paper by Saunders Waterford. \r\n\r\nI use professional quality paints that are lightfast tested. \r\n\r\nItem is not framed.", "has_sizes": false, "stock_qty": 1, "price": "75.00", "image": "gold_crest.jpg"}}, {"model": "products.product", "pk": 7, "fields": {"category": 12, "sub_category": 1, "sku": "OP007GC", "name": "Gold Crest (wings up)", "description": "Goldcrest painted in watercolour.\r\n\r\nThis is painted on A5 size 100% cotton, acid-free, cold-pressed, 300gsm, archival watercolour paper by Saunders Waterford. \r\n\r\nI use professional quality paints that are lightfast tested. \r\n\r\nItem is not framed.", "has_sizes": false, "stock_qty": 1, "price": "75.00", "image": "gold_crest2.jpg"}}, {"model": "products.product", "pk": 8, "fields": {"category": 12, "sub_category": 1, "sku": "OP008GF", "name": "Goldfinch", "description": "Goldfinch painted in watercolour.\r\n\r\nThis is painted on A5 size 100% cotton, acid-free, cold-pressed, 300gsm, archival watercolour paper by Saunders Waterford. \r\n\r\nI use professional quality paints that are lightfast tested. \r\n\r\nItem is not framed.", "has_sizes": false, "stock_qty": 1, "price": "75.00", "image": "goldfinch.jpg"}}, {"model": "products.product", "pk": 9, "fields": {"category": 12, "sub_category": 1, "sku": "OP009LT", "name": "Long Tailed Tit", "description": "Long Tailed Tit painted in watercolour.\r\n\r\nThis is painted on A5 size 100% cotton, acid-free, cold-pressed, 300gsm, archival watercolour paper by Saunders Waterford. \r\n\r\nI use professional quality paints that are lightfast tested. \r\n\r\nItem is not framed.", "has_sizes": false, "stock_qty": 1, "price": "75.00", "image": "long_tail_tit.jpg"}}, {"model": "products.product", "pk": 10, "fields": {"category": 12, "sub_category": 1, "sku": "OP010NH", "name": "Nuthatch", "description": "Nuthatch painted in watercolour.\r\n\r\nThis is painted on A5 size 100% cotton, acid-free, cold-pressed, 300gsm, archival watercolour paper by Saunders Waterford. \r\n\r\nI use professional quality paints that are lightfast tested. \r\n\r\nItem is not framed.", "has_sizes": false, "stock_qty": 1, "price": "75.00", "image": "nuthatch.jpg"}}, {"model": "products.product", "pk": 11, "fields": {"category": 12, "sub_category": 1, "sku": "OP011RO", "name": "Robin", "description": "Robin painted in watercolour.\r\n\r\nThis is painted on A5 size 100% cotton, acid-free, cold-pressed, 300gsm, archival watercolour paper by Saunders Waterford. \r\n\r\nI use professional quality paints that are lightfast tested. \r\n\r\nItem is not framed.", "has_sizes": false, "stock_qty": 1, "price": "75.00", "image": "robin.jpg"}}, {"model": "products.product", "pk": 12, "fields": {"category": 12, "sub_category": 1, "sku": "OP012TC", "name": "Tree Creeper", "description": "Tree Creeper painted in watercolour.\r\n\r\nThis is painted on A5 size 100% cotton, acid-free, cold-pressed, 300gsm, archival watercolour paper by Saunders Waterford. \r\n\r\nI use professional quality paints that are lightfast tested. \r\n\r\nItem is not framed.", "has_sizes": false, "stock_qty": 1, "price": "75.00", "image": "tree_creeper.jpg"}}, {"model": "products.product", "pk": 13, "fields": {"category": 12, "sub_category": 1, "sku": "OP013WR", "name": "Wren", "description": "Wren painted in watercolour.\r\n\r\nThis is painted on A5 size 100% cotton, acid-free, cold-pressed, 300gsm, archival watercolour paper by Saunders Waterford. \r\n\r\nI use professional quality paints that are lightfast tested. \r\n\r\nItem is not framed.", "has_sizes": false, "stock_qty": 1, "price": "75.00", "image": "wren.jpg"}}, {"model": "products.product", "pk": 14, "fields": {"category": 12, "sub_category": 2, "sku": "OP014HH", "name": "Hedgehog", "description": "Hedgehog painted in watercolour.\r\n\r\nThis is painted on A5 size 100% cotton, acid-free, cold-pressed, 300gsm, archival watercolour paper by Saunders Waterford. \r\n\r\nI use professional quality paints that are lightfast tested. \r\n\r\nItem is not framed.", "has_sizes": false, "stock_qty": 1, "price": "75.00", "image": "hedgehog.jpg"}}, {"model": "products.product", "pk": 15, "fields": {"category": 12, "sub_category": 2, "sku": "OP015MB", "name": "Mouse with berries", "description": "Mouse painted in watercolour.\r\n\r\nThis is painted on A5 size 100% cotton, acid-free, cold-pressed, 300gsm, archival watercolour paper by Saunders Waterford. \r\n\r\nI use professional quality paints that are lightfast tested. \r\n\r\nItem is not framed.", "has_sizes": false, "stock_qty": 1, "price": "75.00", "image": "mouse_berries.jpg"}}, {"model": "products.product", "pk": 16, "fields": {"category": 12, "sub_category": 2, "sku": "OP016MC", "name": "Mouse in corn", "description": "Mouse in corn painted in watercolour.\r\n\r\nThis is painted on A5 size 100% cotton, acid-free, cold-pressed, 300gsm, archival watercolour paper by Saunders Waterford. \r\n\r\nI use professional quality paints that are lightfast tested. \r\n\r\nItem is not framed.", "has_sizes": false, "stock_qty": 1, "price": "75.00", "image": "mouse_corn.jpg"}}, {"model": "products.product", "pk": 17, "fields": {"category": 12, "sub_category": 2, "sku": "OP017RA", "name": "Rabbit", "description": "Rabbit painted in watercolour.\r\n\r\nThis is painted on A5 size 100% cotton, acid-free, cold-pressed, 300gsm, archival watercolour paper by Saunders Waterford. \r\n\r\nI use professional quality paints that are lightfast tested. \r\n\r\nItem is not framed.", "has_sizes": false, "stock_qty": 1, "price": "75.00", "image": "rabbit.jpg"}}, {"model": "products.product", "pk": 18, "fields": {"category": 12, "sub_category": 2, "sku": "OP018SQ", "name": "Red Squirrel", "description": "Red Squirrel painted in watercolour.\r\nThis is painted on A5 size 100% cotton, acid-free, cold-pressed, 300gsm, archival watercolour paper by Saunders Waterford. I use professional quality paints that are lightfast tested. It is not framed", "has_sizes": false, "stock_qty": 1, "price": "75.00", "image": "squirrel.jpg"}}, {"model": "products.product", "pk": 19, "fields": {"category": 12, "sub_category": 2, "sku": "OP019WE", "name": "Weasel", "description": "Weasel painted in watercolour.\r\n\r\nThis is painted on A5 size 100% cotton, acid-free, cold-pressed, 300gsm, archival watercolour paper by Saunders Waterford. \r\n\r\nI use professional quality paints that are lightfast tested. \r\n\r\nItem is not framed.", "has_sizes": false, "stock_qty": 1, "price": "75.00", "image": "weasel.jpg"}}, {"model": "products.product", "pk": 20, "fields": {"category": 13, "sub_category": 1, "sku": "PB0001BT", "name": "Blue Tit (print)", "description": "A cute Bluetit perched on a twig.\r\nGallery-grade print on high-quality paper, this is the real deal.\r\nLightly textured 100% cotton paper.\r\nCustom sizes, based on artwork dimensions. \r\nDimensions include a 1 - 2 inch (2.5 - 5.0cm) white border to assist in framing.\r\nLarge prints shipped in tubes, small & medium prints in protective flat mailers.", "has_sizes": false, "stock_qty": 3, "price": "24.99", "image": "bluetit_print_382a3lf.png"}}, {"model": "products.product", "pk": 21, "fields": {"category": 13, "sub_category": 1, "sku": "PB0002CH", "name": "Chaffinch (print)", "description": "Gallery-grade print on high-quality paper, this is the real deal.\r\nLightly textured 100% cotton paper.\r\nCustom sizes, based on artwork dimensions. \r\nDimensions include a 1 - 2 inch (2.5 - 5.0cm) white border to assist in framing.\r\nLarge prints shipped in tubes, small & medium prints in protective flat mailers.", "has_sizes": false, "stock_qty": 0, "price": "24.99", "image": "chaffinch_print_3Ikisae.png"}}, {"model": "products.product", "pk": 22, "fields": {"category": 13, "sub_category": 3, "sku": "PF0001HH", "name": "Hobbit House", "description": "Samwise Gamji's house from Lord  Of The Rings.\r\nGallery-grade print on high-quality paper, this is the real deal.\r\nLightly textured 100% cotton paper.\r\nCustom sizes, based on artwork dimensions. \r\nDimensions include a 1 - 2 inch (2.5 - 5.0cm) white border to assist in framing.\r\nLarge prints shipped in tubes, small & medium prints in protective flat mailers.", "has_sizes": false, "stock_qty": 8, "price": "24.99", "image": "hobbit_print1_XCfu51A.png"}}, {"model": "products.product", "pk": 23, "fields": {"category": 13, "sub_category": 3, "sku": "PF0002LL", "name": "Leaf of Lorien", "description": "The Leaf of Lorien from Lord Of The Rings.\r\nGallery-grade print on high-quality paper, this is the real deal.\r\nLightly textured 100% cotton paper.\r\nCustom sizes, based on artwork dimensions. \r\nDimensions include a 1 - 2 inch (2.5 - 5.0cm) white border to assist in framing.\r\nLarge prints shipped in tubes, small & medium prints in protective flat mailers.", "has_sizes": false, "stock_qty": 1, "price": "24.99", "image": "leaf_print_lyJ47ny.png"}}, {"model": "products.product", "pk": 24, "fields": {"category": 13, "sub_category": 2, "sku": "PM0001RA", "name": "Rabbit (print)", "description": "Cute bunny rabbit. \r\nGallery-grade print on high-quality paper, this is the real deal.\r\nLightly textured 100% cotton paper.\r\nCustom sizes, based on artwork dimensions. \r\nDimensions include a 1 - 2 inch (2.5 - 5.0cm) white border to assist in framing.\r\nLarge prints shipped in tubes, small & medium prints in protective flat mailers.", "has_sizes": false, "stock_qty": 1, "price": "24.99", "image": "rabbit_print_bqiezUh.png"}}, {"model": "products.product", "pk": 25, "fields": {"category": 13, "sub_category": 2, "sku": "PM0002RS", "name": "Red  Squirrel (print)", "description": "A cheeky red squirrel.\r\nGallery-grade print on high-quality paper, this is the real deal.\r\nLightly textured 100% cotton paper.\r\nCustom sizes, based on artwork dimensions. \r\nDimensions include a 1 - 2 inch (2.5 - 5.0cm) white border to assist in framing.\r\nLarge prints shipped in tubes, small & medium prints in protective flat mailers.", "has_sizes": false, "stock_qty": 1, "price": "24.99", "image": "squirrel_print_djSWw35.png"}}, {"model": "products.product", "pk": 26, "fields": {"category": 14, "sub_category": 1, "sku": "CB0001BT", "name": "Blue Tit Clock", "description": "It's always art o'clock when your clock is a work of art.\r\nPrinted polypropylene face made for you when you order.\r\nMetal hands.\r\nBamboo wood frame in natural finish.\r\nQuartz clock mechanism for accurate timekeeping.\r\nClear plexiglass lens.\r\nBuilt-in rear hook, ready to hang.\r\nAA battery not included.", "has_sizes": false, "stock_qty": 0, "price": "19.99", "image": "bluetit_clock_QUuBX8K.png"}}, {"model": "products.product", "pk": 27, "fields": {"category": 14, "sub_category": 1, "sku": "CB0002CH", "name": "Chaffinch Clock", "description": "It's always art o'clock when your clock is a work of art.\r\nPrinted polypropylene face made for you when you order.\r\nMetal hands.\r\nBamboo wood frame in natural finish.\r\nQuartz clock mechanism for accurate timekeeping.\r\nClear plexiglass lens.\r\nBuilt-in rear hook, ready to hang.\r\nAA battery not included.", "has_sizes": false, "stock_qty": 1, "price": "19.99", "image": "chaffinch_clock_g66w52G.png"}}, {"model": "products.product", "pk": 28, "fields": {"category": 14, "sub_category": 3, "sku": "CF0001HH", "name": "Hobbit House Clock", "description": "It's always art o'clock when your clock is a work of art.\r\nPrinted polypropylene face made for you when you order.\r\nMetal hands.\r\nBamboo wood frame in white.\r\nQuartz clock mechanism for accurate timekeeping.\r\nClear plexiglass lens.\r\nBuilt-in rear hook, ready to hang.\r\nAA battery not included.", "has_sizes": false, "stock_qty": 7, "price": "19.99", "image": "hobbit_clock_Vmwf5uF.png"}}, {"model": "products.product", "pk": 29, "fields": {"category": 14, "sub_category": 2, "sku": "CM0001RA", "name": "Rabbit Clock", "description": "It's always art o'clock when your clock is a work of art.\r\nPrinted polypropylene face made for you when you order.\r\nMetal hands.\r\nBamboo wood frame in white.\r\nQuartz clock mechanism for accurate timekeeping.\r\nClear plexiglass lens.\r\nBuilt-in rear hook, ready to hang.\r\nAA battery not included.", "has_sizes": false, "stock_qty": 1, "price": "19.99", "image": "rabbit_clock_ZMg0S78.png"}}, {"model": "products.product", "pk": 30, "fields": {"category": 14, "sub_category": 1, "sku": "CB0003RO", "name": "Robin Clock", "description": "It's always art o'clock when your clock is a work of art.\r\nPrinted polypropylene face made for you when you order.\r\nMetal hands.\r\nBamboo wood frame in natural finish.\r\nQuartz clock mechanism for accurate timekeeping.\r\nClear plexiglass lens.\r\nBuilt-in rear hook, ready to hang.\r\nAA battery not included.", "has_sizes": false, "stock_qty": 1, "price": "19.99", "image": "robin_clock_K3XX6f8.png"}}, {"model": "products.product", "pk": 31, "fields": {"category": 14, "sub_category": 2, "sku": "CM0002RS", "name": "Red Squirrel Clock", "description": "It's always art o'clock when your clock is a work of art.\r\nPrinted polypropylene face made for you when you order.\r\nMetal hands.\r\nBamboo wood frame in white.\r\nQuartz clock mechanism for accurate timekeeping.\r\nClear plexiglass lens.\r\nBuilt-in rear hook, ready to hang.\r\nAA battery not included.", "has_sizes": false, "stock_qty": 1, "price": "19.99", "image": "squirrel_clock_oSQMJNW.png"}}, {"model": "products.product", "pk": 32, "fields": {"category": 14, "sub_category": 1, "sku": "BT0001BT", "name": "Blue Tit Classic T-Shirt", "description": "The standard, traditional t-shirt for everyday wear.\r\nClassic, generous, boxy fit.\r\nMale model shown is 6'0\" / 183 cm tall and wearing size Medium.\r\nFemale model shown is 5'8\" / 173 cm tall and wearing size Small.\r\nHeavyweight 5.3 oz / 180 gsm fabric, 100% preshrunk cotton.\r\nDouble-needle hems and neck band for durability.", "has_sizes": true, "stock_qty": 1, "price": "19.99", "image": "bluetit_shirt2_EercKOT.png"}}, {"model": "products.product", "pk": 33, "fields": {"category": 14, "sub_category": 1, "sku": "BT0002CH", "name": "Chaffinch Classic T-Shirt", "description": "The standard, traditional t-shirt for everyday wear.\r\nClassic, generous, boxy fit.\r\nMale model shown is 6'0\" / 183 cm tall and wearing size Medium.\r\nFemale model shown is 5'8\" / 173 cm tall and wearing size Small.\r\nHeavyweight 5.3 oz / 180 gsm fabric, 100% preshrunk cotton.\r\nDouble-needle hems and neck band for durability.", "has_sizes": true, "stock_qty": 10, "price": "19.99", "image": "chaffinch_shirt2_4qytFmJ.png"}}, {"model": "products.product", "pk": 34, "fields": {"category": 14, "sub_category": 3, "sku": "FT0001HH", "name": "Hobbit House Classic T-Shirt", "description": "The standard, traditional t-shirt for everyday wear.\r\nClassic, generous, boxy fit.\r\nMale model shown is 6'0\" / 183 cm tall and wearing size Medium.\r\nFemale model shown is 5'8\" / 173 cm tall and wearing size Small.\r\nHeavyweight 5.3 oz / 180 gsm fabric, 100% preshrunk cotton.\r\nDouble-needle hems and neck band for durability.", "has_sizes": true, "stock_qty": 1, "price": "19.99", "image": "hobbit_shirt2_8cobsBh.png"}}, {"model": "products.product", "pk": 35, "fields": {"category": 14, "sub_category": 3, "sku": "FT0002LL", "name": "Leaf of Lorien Classic T-Shirt", "description": "The standard, traditional t-shirt for everyday wear.\r\nClassic, generous, boxy fit.\r\nMale model shown is 6'0\" / 183 cm tall and wearing size Medium.\r\nFemale model shown is 5'8\" / 173 cm tall and wearing size Small.\r\nHeavyweight 5.3 oz / 180 gsm fabric, 100% preshrunk cotton.\r\nDouble-needle hems and neck band for durability.", "has_sizes": true, "stock_qty": 1, "price": "19.99", "image": "leaf_shirt2_yjvFjdn.png"}}, {"model": "products.product", "pk": 36, "fields": {"category": 14, "sub_category": 2, "sku": "MT0001RA", "name": "Rabbit Classic T-Shirt", "description": "The standard, traditional t-shirt for everyday wear.\r\nClassic, generous, boxy fit.\r\nMale model shown is 6'0\" / 183 cm tall and wearing size Medium.\r\nFemale model shown is 5'8\" / 173 cm tall and wearing size Small.\r\nHeavyweight 5.3 oz / 180 gsm fabric, 100% preshrunk cotton.\r\nDouble-needle hems and neck band for durability.", "has_sizes": true, "stock_qty": 1, "price": "19.99", "image": "rabbit_shirt2_NC0IXH7.png"}}, {"model": "products.product", "pk": 37, "fields": {"category": 14, "sub_category": 1, "sku": "BT0003RO", "name": "Robin Classic T-Shirt", "description": "The standard, traditional t-shirt for everyday wear.\r\nClassic, generous, boxy fit.\r\nMale model shown is 6'0\" / 183 cm tall and wearing size Medium.\r\nFemale model shown is 5'8\" / 173 cm tall and wearing size Small.\r\nHeavyweight 5.3 oz / 180 gsm fabric, 100% preshrunk cotton.\r\nDouble-needle hems and neck band for durability.", "has_sizes": true, "stock_qty": 1, "price": "19.99", "image": "robin_shirt2_jLuX7U5.png"}}, {"model": "products.product", "pk": 47, "fields": {"category": 12, "sub_category": 1, "sku": "OP001BT", "name": "Blue Tit", "description": "Blue Tit painted in watercolour. This is painted on A5 size 100% cotton, acid-free, cold-pressed, 300gsm, archival watercolour paper by Saunders Waterford. I use professional quality paints that are lightfast tested. Item is not framed.", "has_sizes": false, "stock_qty": 1, "price": "75.00", "image": "bluetit_xtKbVm5.jpg"}}]